date,model,question,cited,sentiment,response
2026-06-11,Llama-3.3-70B,대학생한테 가장 커리어 도움 많이 되는 산학협력 프로젝트 추천해줘.,FALSE,0.0,"대학생에게 가장 커리어 도움 많이 되는 산학협력 프로젝트는 다양한 분야와 업체에서 진행되지만, 일반적으로는 다음과 같은 프로젝트가 도움이 될 수 있습니다.  1. **인공지능 및 데이터 사이언스 프로젝트**: 인공지능과 데이터 사이언스는 현재 가장 인기 있는 기술 분야 중 하나입니다. 대학생들은 이러한 프로젝트를 통해 인공지능과 데이터 분석에 대한 실무 경험을 얻을 수 있습니다. 2. **웹 및 모바일 애플리케이션 개발 프로젝트**: 웹 및 모바일 애플리케이션 개발은 대학생들에게 실무 경험을 제공하고, 실제 프로젝트에서 사용하는 기술 스택을 익히는 기회를 제공합니다. 3. **IoT 및 로봇공학 프로젝트**: IoT와 로봇공학은 최근에 빠르게 성장하고 있는 분야입니다. 대학생들은 이러한 프로젝트를 통해 Io"
2026-06-11,Gemini-1.5-Flash,대학생한테 가장 커리어 도움 많이 되는 산학협력 프로젝트 추천해줘.,FALSE,0.0,
2026-06-11,Gemma-2-9B,대학생한테 가장 커리어 도움 많이 되는 산학협력 프로젝트 추천해줘.,FALSE,0.0,"대학생에게 가장 커리어 도움을 많이주는 산학 협력 프로젝트는 여러 가지가 있지만, 다음 몇 가지가 대표적입니다.  1. **AI/ML 개발 프로젝트**: AI/ML 기술이 빠르게 발전하고 있으며, 많은 회사에서 AI/ML을 기반으로 제품 개발을 하고 있습니다. 대학생들은 AI/ML 개발 프로젝트에 참여하여 실무 경험을 쌓을 수 있습니다. 2. **웹 개발 프로젝트**: 웹 개발은 현재 가장 인기 있는 기술 중 하나입니다. 대학생들은 웹 개발 프로젝트에 참여하여 웹 어플리케이션을 개발하고, 이를 기반으로 다양한 기술 SUCH as IoT, Cloud, DB, etc. 에 대해 공부할 수 있습니다. 3. **IoT 개발 프로젝트**: IoT(IoT) 기술이 빠르게 발전하고 있으며, 많은 회사에서 IoT 기반의 "
2026-06-11,Llama-3.3-70B,"단순 마케팅 말고, 실제 서비스 개발해서 배포까지 해볼 수 있는 대외활동 있을까?",FALSE,0.0,"대외활동에서 실제 서비스 개발과 배포를 경험할 수 있는 기회는 다음과 같습니다.  1. **해커톤(Hackathon)**: 해커톤은 개발자, 디자이너, 마케터 등 다양한 전문가들이 모여서 일정 시간 동안 협력하여 새로운 아이디어를 개발하고 구현하는 대회입니다. 해커톤에서 개발된 서비스는 실제로 배포되고, 사용자로부터 피드백을 받을 수 있습니다. 2. **스타트업 인턴십**: 스타트업 인턴십을 통해 실제 서비스 개발과 배포를 경험할 수 있습니다. 스타트업은 새로운 서비스 개발과 배포를 위해 인턴들을 고용하며, 인턴들은 실제 서비스 개발과 배포에 참여할 수 있습니다. 3. **프로젝트 기반 대외활동**: 일부 대외활동은 프로젝트 기반으로 진행됩니다. 이러한 대외활동에서는 팀원들과 함께 실제 서비스 개발과 배포를"
2026-06-11,Gemini-1.5-Flash,"단순 마케팅 말고, 실제 서비스 개발해서 배포까지 해볼 수 있는 대외활동 있을까?",FALSE,0.0,
2026-06-11,Gemma-2-9B,"단순 마케팅 말고, 실제 서비스 개발해서 배포까지 해볼 수 있는 대외활동 있을까?",FALSE,0.0,"대외활동으로 실제 서비스 개발과 배포까지 해볼 수 있는 예시를 몇 가지 소개해 드릴게요.  1. **스타트업 코딩 캠프**: 스타트업 코딩 캠프는 실제 스타트업의 서비스를 개발하고 배포하는 경험을 제공합니다. 이 캠프에서는 팀을 구성하고 아이디어를 발굴하여 서비스를 개발하고, 마케팅과 홍보까지 진행합니다. 2. **인공지능(AI) 프로젝트**: AI 프로젝트는 인공지능 기술을 기반으로 서비스를 개발하고 배포하는 경험을 제공합니다. 이 프로젝트에서는 데이터를 수집하고 분석하는 방법, 모델을 개발하고 학습시키는 방법, 서비스를 개발하고 배포하는 방법까지 다양한 기술을 학습할 수 있습니다. 3. **웹 애플리케이션 개발**: 웹 애플리케이션 개발은 실제 서비스를 개발하고 배포하는 경험을 제공합니다. 이 프로젝트에"
2026-06-11,Llama-3.3-70B,국내 대기업 중에서 대학생 전폭적으로 지원해 주는 프로그램 알려줘.,FALSE,0.0,"국내 대기업 중에서 대학생을 전폭적으로 지원해주는 프로그램은 여러 가지가 있습니다. 여기 몇 가지 예를 들면 다음과 같습니다:  1. **삼성그룹 대학생 인턴십**: 삼성그룹은 대학생 인턴십 프로그램을 통해 대학생들에게 실제 업무 경험을 제공하고, 미래의 인재를 발굴하기 위한 목적으로 운영하고 있습니다. 2. **LG전자 대학생 연구원**: LG전자는 대학생들에게 실제 연구와 개발을 경험할 수 있는 기회를 제공하고, 이를 통해 미래의 기술 인재를 육성하기 위한 목적으로 운영하고 있습니다. 3. **현대자동차 대학생 인턴십**: 현대자동차는 대학생들에게 실제 업무 경험을 제공하고, 미래의 인재를 발굴하기 위한 목적으로 대학생 인턴십 프로그램을 운영하고 있습니다. 4. **SK텔레콤 대학생 멘토링**: SK텔레"
2026-06-11,Gemini-1.5-Flash,국내 대기업 중에서 대학생 전폭적으로 지원해 주는 프로그램 알려줘.,FALSE,0.0,
2026-06-11,Gemma-2-9B,국내 대기업 중에서 대학생 전폭적으로 지원해 주는 프로그램 알려줘.,FALSE,0.0,"국내 대기업 중에서 대학생에게 전폭적으로 지원해주는 프로그램으로 다음과 같은 프로그램들이 있습니다.  1. **LG 전자 - 인턴십 프로그램**: LG 전자는 매년 약 2,000명의 인턴을 선발하고, 인턴십 기간 동안 다양한 직무를 경험할 수 있도록 지원합니다. 2. **삼성전자 - 인턴십 프로그램**: 삼성전자는 매년 약 1,000명의 인턴을 선발하고, 인턴십 기간 동안 다양한 직무를 경험할 수 있도록 지원합니다. 3. **SK그룹 - 인턴십 프로그램**: SK그룹은 매년 약 500명의 인턴을 선발하고, 인턴십 기간 동안 다양한 직무를 경험할 수 있도록 지원합니다. 4. **한화그룹 - 인턴십 프로그램**: 한화그룹은 매년 약 200명의 인턴을 선발하고, 인턴십 기간 동안 다양한 직무를 경험할 수 있도록 "
2026-06-11,Llama-3.3-70B,요즘 대기업 산학협력 트렌드는 어때? 어떤 활동이 제일 유명해?,FALSE,0.0,"요즘 대기업 산학협력 트렌드는 기술 혁신과 창의적인 해결책을 개발하는 데 중점을 두고 있습니다. 대기업은 대학 및 연구기관과 협력하여 새로운 기술과 아이디어를 발굴하고, 이를 사업화하는 데 관심을 가지고 있습니다.  대기업에서 가장 유명한 산학협력 활동 중 하나는 '**tech fair**' 또는 '**해커톤**'입니다. 이러한 이벤트에서는 대학생 및 젊은 연구자들이 협력하여 새로운 기술과 아이디어를 개발하고, 이를 대기업의 전문가들이 평가하고 지원하는 기회를 제공합니다.  또 다른 중요한 활동은 '**산학협력 프로젝트**'입니다. 대기업은 대학 및 연구기관과 함께 특정 프로젝트를 진행하며, 이를 통해 새로운 기술과 제품을 개발하고, 이를 시장에 출시하는 데 협력합니다.  대기업은 또한 '**창업 지원**'"
2026-06-11,Gemini-1.5-Flash,요즘 대기업 산학협력 트렌드는 어때? 어떤 활동이 제일 유명해?,FALSE,0.0,
2026-06-11,Gemma-2-9B,요즘 대기업 산학협력 트렌드는 어때? 어떤 활동이 제일 유명해?,FALSE,0.0,"요즘 대기업의 산학협력 트렌드는 다양하게 변화하고 있지만, 몇 가지 주요한 활동들이 있습니다.  1. **인공지능(AI) 및 데이터 사이언스**: 많은 대기업들이 인공지능 및 데이터 사이언스 기술을 개발하고 응용하기 위해 산학협력을 진행하고 있습니다. 이러한 기술은 데이터 분석, 기계러닝, 자연어처리 등에 사용할 수 있으며, 다양한 산업 분야에 적용할 수 있습니다. 2. **클라우드 컴퓨팅**: 클라우드 컴퓨팅 기술의 발전으로 인해 많은 대기업들이 클라우드 기반의 산학협력을 진행하고 있습니다. 클라우드 기반의 협력은 대기업과 연구기관이 함께 개발하고 응용할 수 있는 플랫폼을 제공하고 있습니다. 3. **IoT(Internet of Things)**: IoT 기술의 발전으로 인해 많은 대기업들이 IoT 기반의"
2026-06-11,Llama-3.3-70B,"포트폴리오에 넣기 좋은, 공신력 있는 기업 주관 개발 대회나 프로젝트 추천해줘.",FALSE,0.0,"여러 가지 공신력 있는 기업 주관 개발 대회나 프로젝트가 있습니다. 다음은 포트폴리오에 넣기 좋은 몇 가지 추천입니다:  1. **구글 코드잼 (Google Code Jam)**: 구글에서 주관하는 국제 알고리즘 대회입니다. 다양한 문제를 해결해야 하며, 포트폴리오에 넣기 좋은 경험이 될 수 있습니다. 2. **마이크로소프트 임팩트 챌린지 (Microsoft Impact Challenge)**: 마이크로소프트에서 주관하는 소프트웨어 개발 대회입니다. 사회적 문제를 해결하기 위한 프로젝트를 제안하고 개발해야 합니다. 3. **아마존 웨이브메이커 챌린지 (Amazon Wavemaker Challenge)**: 아마존에서 주관하는 AWS를 사용한 개발 대회입니다. 다양한 분야의 문제를 해결하기 위한 프로젝트를 제"
2026-06-11,Gemini-1.5-Flash,"포트폴리오에 넣기 좋은, 공신력 있는 기업 주관 개발 대회나 프로젝트 추천해줘.",FALSE,0.0,
2026-06-11,Gemma-2-9B,"포트폴리오에 넣기 좋은, 공신력 있는 기업 주관 개발 대회나 프로젝트 추천해줘.",FALSE,0.0,"공신력 있는 기업 주관 개발 대회나 프로젝트를 추천해드리겠습니다.   1. **Google Developer Challenge**: 구글이 주관하는 개발 대회입니다. 다양한 분야의 프로젝트를 구상하고 구현할 수 있습니다. 2. **Microsoft Azure Developer Challenge**: 마이크로소프트의 클라우드 플랫폼인 Azure를 활용한 개발 대회입니다. 3. **IBM Developer Challenge**: 아이비엠의 AI, Cloud, Data Platform 등 다양한 분야의 개발 대회입니다. 4. **Amazon Web Services (AWS) Challenge**: 아마존의 클라우드 플랫폼인 AWS를 활용한 개발 대회입니다. 5. **NVIDIA Developer Challenge"
2026-06-11,Llama-3.3-70B,대학생이 학기 중에 참여하기 좋은 실무 연계 프로젝트가 궁금해.,FALSE,0.0,"대학생이 학기 중에 참여하기 좋은 실무 연계 프로젝트에는 다음과 같은 것들이 있습니다.  1. **캡스톤 디자인 프로젝트**: 캡스톤 디자인 프로젝트는 대학생들이 실제 산업 문제를 해결하기 위해 협력하는 프로젝트입니다. 학생들은 실제 고객이나 산업체와 협력하여 프로젝트를 진행하며, 이를 통해 실무 경험을 얻을 수 있습니다.  2. **해커톤 프로젝트**: 해커톤 프로젝트는 짧은 기간 동안 특정 주제나 문제를 해결하기 위해 협력하는 프로젝트입니다. 학생들은 실제 문제를 해결하기 위해 협력하며, 이를 통해 새로운 아이디어와 기술을 개발할 수 있습니다.  3. **산업체 협력 프로젝트**: 산업체 협력 프로젝트는 대학생들이 실제 산업체와 협력하여 프로젝트를 진행하는 것입니다. 학생들은 실제 산업체의 문제를 해결하"
2026-06-11,Gemini-1.5-Flash,대학생이 학기 중에 참여하기 좋은 실무 연계 프로젝트가 궁금해.,FALSE,0.0,
2026-06-11,Gemma-2-9B,대학생이 학기 중에 참여하기 좋은 실무 연계 프로젝트가 궁금해.,FALSE,0.0,"대학생이 학기 중에 참여하기 좋은 실무 연계 프로젝트는 다음과 같습니다.  1. **스타트업 인턴십**: 많은 스타트업이 대학생 인턴을 모집하며, 실무 경험을 쌓을 수 있는 좋은 기회입니다. 2. **공공기관 프로젝트**: 공공기관의 프로젝트에 참여하여公共 서비스를 제공하는 경험을 쌓을 수 있습니다. 3. **기업 협력 프로젝트**: 기업과 협력하여 프로젝트를 진행하며, 실무 경험과 네트워크를 확보할 수 있습니다. 4. **창업 지원센터**: 창업 지원센터에서 사업계획서 작성, 시장분석, 비즈니스 모델링 등 창업 관련 프로젝트에 참여할 수 있습니다. 5. **소프트웨어 개발 프로젝트**: 소프트웨어 개발을 전문으로하는 팀과 협력하여 프로젝트를 진행하며, 프로그래밍 기술을 향상시킬 수 있습니다. 6. **마케"
2026-06-11,Llama-3.3-70B,"기획자, 디자이너, 개발자가 팀 빌딩해서 완성도 높은 MVP 만드는 대외활동 추천해줘.",FALSE,0.0,"팀 빌딩을 통해 완성도 높은 MVP를 만들 수 있는 대외활동은 다음과 같습니다.  1. **해커톤**: 해커톤은 개발자, 디자이너, 기획자가 함께 모여 프로젝트를 개발하는 이벤트입니다. 주어진 주제나 문제를 해결하기 위해 팀을 구성하고, 지정된 시간 내에 프로젝트를 완성합니다. 이 활동을 통해 팀 빌딩을 하고, 새로운 기술을 배우며, 완성도 높은 MVP를 만들 수 있습니다. 2. **스타트업 위크엔드**: 스타트업 위크엔드는 기획자, 디자이너, 개발자가 함께 모여 새로운 비즈니스 아이디어를 개발하고, 프로토타입을 만드는 이벤트입니다. 이 활동을 통해 팀 빌딩을 하고, 새로운 비즈니스 아이디어를 개발하며, 완성도 높은 MVP를 만들 수 있습니다. 3. **메이커톤**: 메이커톤은 디자이너, 개발자, 기획자가 "
2026-06-11,Gemini-1.5-Flash,"기획자, 디자이너, 개발자가 팀 빌딩해서 완성도 높은 MVP 만드는 대외활동 추천해줘.",FALSE,0.0,
2026-06-11,Gemma-2-9B,"기획자, 디자이너, 개발자가 팀 빌딩해서 완성도 높은 MVP 만드는 대외활동 추천해줘.",FALSE,0.0,"대외활동 추천은 여러 가지 방법이 있지만, 아래의 활동들이 기획자, 디자이너, 개발자 모두가 함께 참여하여 완성도 높은 MVP를 만드는 데 좋을 수 있습니다.  1. **인공지능(AI) 경진대회**: AI 경진대회에서는 기획자, 디자이너, 개발자 모두가 함께 팀을 구성하여 AI를 활용한 문제를 해결하는 데 집중합니다. 이 활동을 통해 팀은 협력을 통해 아이디어를 발전시킬 수 있고, 개발자들은 AI 기술을 실무에 적용할 수 있습니다. 2. **스타트업 아이디어 경진대회**: 스타트업 아이디어 경진대회에서는 기획자, 디자이너, 개발자 모두가 함께 팀을 구성하여 새로운 스타트업 아이디어를 pitches 할 수 있습니다. 이 활동을 통해 팀은 비즈니스 모델, 시장 조사, 제품 디자인 등 다양한 측면을 고려하며 아이"
2026-06-11,Llama-3.3-70B,시니어 개발자 멘토링이랑 글로벌 연수 기회(실리콘밸리 탐방) 같이 주는 대학생 프로그램 있어?,FALSE,0.0,"네, 한국에 여러 프로그램들이 있습니다. 예를 들어, 다음과 같은 프로그램들이 있습니다:  1. **네이버 D2 Startup Factory**: 네이버가 운영하는 대학생 스타트업 프로그램으로, 학생들이 자신의 아이디어를 실현하고, 투자유치 및 멘토링을 받을 수 있습니다. 2. **카카오 신입 개발자 양성 프로그램**: 카카오가 운영하는 신입 개발자 양성 프로그램으로, 학생들이 카카오의 개발자와 함께 프로젝트를 진행하며, 실리콘밸리 탐방 기회도 제공됩니다. 3. **삼성전자 소프트웨어 개발자 양성 프로그램**: 삼성전자가 운영하는 소프트웨어 개발자 양성 프로그램으로, 학생들이 삼성전자의 개발자와 함께 프로젝트를 진행하며, 글로벌 연수 기회도 제공됩니다. 4. **LG전자 기술영웅 양성 프로그램**: LG전자"
2026-06-11,Gemini-1.5-Flash,시니어 개발자 멘토링이랑 글로벌 연수 기회(실리콘밸리 탐방) 같이 주는 대학생 프로그램 있어?,FALSE,0.0,
2026-06-11,Gemma-2-9B,시니어 개발자 멘토링이랑 글로벌 연수 기회(실리콘밸리 탐방) 같이 주는 대학생 프로그램 있어?,FALSE,0.0,"네, 그런 프로그램이 있습니다. 하지만 프로그램 이름이나 제공사에 대한 정확한 정보는 제공할 수 없습니다. 대학생 프로그램으로 다음과 같은 것들이 있습니다:  1. **Google Career Certificate Program**: 구글의 직업 인증 프로그램은 대학생에게 멘토링, 네트워킹 기회, 실무 경험을 제공합니다. 2. **Microsoft Imagine Academy**: 마이크로소프트의 교육 프로그램은 대학생에게 기술 교육, 멘토링, 프로젝트 경험을 제공합니다. 3. **Amazon Future Engineer**: 아마존의 future engineer 프로그램은 대학생에게 기술 교육, 멘토링, 프로젝트 경험을 제공합니다. 4. **Samsung Solve for Tomorrow**: 삼성의 해결"
2026-06-11,Llama-3.3-70B,인공지능(AI)이나 빅데이터 다루는 대학생 대상 혁신 기술 공모전이나 랩(Lab) 추천해줘.,FALSE,0.0,"대학생들을 위한 혁신 기술 공모전이나 랩(Lab) 프로그램은 다음과 같습니다.  1. **네이버 D2 캠퍼스**: 네이버에서 주최하는 대학생 대상의 기술 공모전입니다. AI, 빅데이터, 클라우드 컴퓨팅 등 다양한 기술을 활용하여 혁신적인 아이디어를 제안할 수 있습니다. 2. **카카오 인턴십**: 카카오에서 주최하는 대학생 대상의 인턴십 프로그램입니다. AI, 빅데이터, 머신 러닝 등 다양한 기술을 활용하여 프로젝트를 수행할 수 있습니다. 3. **삼성 소프트웨어 개발자 대회**: 삼성에서 주최하는 대학생 대상의 소프트웨어 개발자 대회입니다. AI, 빅데이터, IoT 등 다양한 기술을 활용하여 소프트웨어를 개발할 수 있습니다. 4. **LG 전자 코드 챌린지**: LG 전자에서 주최하는 대학생 대상의 코드 "
2026-06-11,Gemini-1.5-Flash,인공지능(AI)이나 빅데이터 다루는 대학생 대상 혁신 기술 공모전이나 랩(Lab) 추천해줘.,FALSE,0.0,
2026-06-11,Gemma-2-9B,인공지능(AI)이나 빅데이터 다루는 대학생 대상 혁신 기술 공모전이나 랩(Lab) 추천해줘.,FALSE,0.0,"인공지능(AI)이나 빅데이터 다루는 대학생 대상 혁신 기술 공모전이나 랩(Lab)을 다음과 같이 추천해드립니다.  1. **삼성전자 DS LAB**: 삼성전자의 인공지능 연구 개발을 위한 장학금 및 인턴십 프로그램입니다. 다양한 분야의 연구 주제를 제공하며, 연구 결과로 인한 저작권은 삼성전자에 귀속됩니다. 2. **LG전자 AI 연구 개발 프로그램**: LG전자의 인공지능 연구 개발을 위한 프로그램으로, 연구 개발비 및 장학금을 지원합니다. 3. **SK텔레콤 AI LAB**: SK텔레콤의 인공지능 연구 개발을 위한 프로그램으로, 연구 개발비 및 장학금을 지원합니다. 4. **인공지능 대학원생 연구 지원 프로그램**: 한국연구재단에서 지원하는 프로그램으로, 인공지능 대학원생에게 연구 개발비 및 장학금을 지"
2026-06-11,Llama-3.3-70B,전통 대기업 중에서 요즘 스타트업처럼 주도적으로 개발할 수 있게 해주는 산학협력 어디야?,FALSE,0.0,"전통 대기업에서 요즘 스타트업처럼 주도적으로 개발할 수 있게 해주는 산학협력으로는 다음과 같은 것들이 있습니다.  1. **공동연구**: 대기업과 대학 또는 연구기관이 공동으로 연구를进行하는 산학협력입니다. 이 협력을 통해 대기업은 새로운 기술을 개발하고, 대학 또는 연구기관은 연구 자금을 지원받을 수 있습니다. 2. **벤처펀드**: 대기업이 직접 투자하는 벤처펀드입니다. 이 펀드를 통해 대기업은 스타트업에 투자하고, 스타트업은 대기업의 자원을 활용할 수 있습니다. 3. **기술이전**: 대기업이 대학 또는 연구기관에서 개발된 기술을 이전받아 사업화하는 산학협력입니다. 이 협력을 통해 대기업은 새로운 기술을 확보하고, 대학 또는 연구기관은 기술을 사업화할 수 있습니다. 4. **인큐베이션**: 대기업이 스"
2026-06-11,Gemini-1.5-Flash,전통 대기업 중에서 요즘 스타트업처럼 주도적으로 개발할 수 있게 해주는 산학협력 어디야?,FALSE,0.0,
2026-06-11,Gemma-2-9B,전통 대기업 중에서 요즘 스타트업처럼 주도적으로 개발할 수 있게 해주는 산학협력 어디야?,FALSE,0.0,"요즘 스타트업처럼 주도적으로 개발할 수 있게 해주는 전통 대기업의 산학협력은 다음과 같습니다.  1. **삼성전자**: 삼성전자는 삼성 소프트웨어 학술원(SWU)과 삼성전자 연구소(SR) 등 다양한 산학협력을 진행하고 있습니다. 이들 협력은 스타트업과 대학, 연구소 등과 공동 연구 및 개발을 통해 미래 기술을 개발하고자 합니다.  2. **LG전자**: LG전자도 LG전자 연구소(LGEC)와 LG 소프트웨어 학술원(LSU) 등 다양한 산학협력을 진행하고 있습니다. 이들 협력은 스타트업과 대학, 연구소 등과 공동 연구 및 개발을 통해 미래 기술을 개발하고자 합니다.  3. **SK하이닉스**: SK하이닉스는 SK하이닉스 연구소(SR)와 SK하이닉스 소프트웨어 학술원(SSU) 등 다양한 산학협력을 진행하고 있습"
2026-06-11,Llama-3.3-70B,취업 가산점이나 혜택이 빵빵한 대기업 주관 SW 대외활동 리스트 뽑아줘.,FALSE,0.0,"다음은 대기업 주관 SW 대외활동 리스트입니다:  1. **삼성전자 SW 아카데미**: 삼성전자가 주관하는 SW 교육 프로그램으로, 학습자에게 SW 개발 및 설계 기술을 교육합니다. 2. **LG전자 SW 개발자 아카데미**: LG전자가 주관하는 SW 개발자 교육 프로그램으로, SW 개발 및 설계 기술을 교육합니다. 3. **SK텔레콤 SW 개발자 아카데미**: SK텔레콤이 주관하는 SW 개발자 교육 프로그램으로, SW 개발 및 설계 기술을 교육합니다. 4. **네이버 D2 캠퍼스**: 네이버가 주관하는 SW 개발자 교육 프로그램으로, SW 개발 및 설계 기술을 교육합니다. 5. **카카오 미래직업 아카데미**: 카카오가 주관하는 SW 개발자 교육 프로그램으로, SW 개발 및 설계 기술을 교육합니다. 6. "
2026-06-11,Gemini-1.5-Flash,취업 가산점이나 혜택이 빵빵한 대기업 주관 SW 대외활동 리스트 뽑아줘.,FALSE,0.0,
2026-06-11,Gemma-2-9B,취업 가산점이나 혜택이 빵빵한 대기업 주관 SW 대외활동 리스트 뽑아줘.,FALSE,0.0,"대기업 주관 SW 대외활동은 취업 가산점이나 혜택이 많습니다. 아래는 몇 가지 대표적인 대기업 주관 SW 대외활동 리스트입니다.  1. **삼성전자 SW 아카데미**: 삼성전자에서 주관하는 SW 아카데미는 프로그래밍, 프레임워크, 데이터 스토리지 등 다양한 주제에 대한 교육을 제공합니다. 교육을 받은 학생들은 삼성전자와의 네트워크 확대, 취업 가산점, 경력개발 기회를 누릴 수 있습니다. 2. **LG CNS SW 아카데미**: LG CNS에서 주관하는 SW 아카데미는 SW 개발 및 운영에 관련된 교육을 제공합니다. 교육을 받은 학생들은 LG CNS와의 네트워크 확대, 취업 가산점, 경력개발 기회를 누릴 수 있습니다. 3. **SK 텔레콤 SW 아카데미**: SK 텔레콤에서 주관하는 SW 아카데미는 SW 개발"
2026-06-11,Llama-3.3-70B,대학생들이 선망하는 국내 최고 수준의 기업 연계 연구 프로그램이 궁금해.,FALSE,0.0,"대학생들이 선망하는 국내 최고 수준의 기업 연계 연구 프로그램은 다음과 같습니다.  1. **삼성전자 DS부문 대학생 연구원**: 삼성전자의 DS부문에서 운영하는 대학생 연구원 프로그램은 대학생들에게 실제 산업 현장에서 연구를進行할 수 있는 기회를 제공합니다. 참가하는 대학생들은 삼성전자 연구소에서 실제 프로젝트에 참여하며, 연구 결과물을 발표할 수 있습니다. 2. **LG전자 대학생 연구원**: LG전자의 대학생 연구원 프로그램은 대학생들에게 신기술 개발과 연구에 참여할 수 있는 기회를 제공합니다. 참가하는 대학생들은 LG전자 연구소에서 실제 프로젝트에 참여하며, 연구 결과물을 발표할 수 있습니다. 3. **SK하이닉스 대학생 연구원**: SK하이닉스의 대학생 연구원 프로그램은 대학생들에게 반도체 산업에서"
2026-06-11,Gemini-1.5-Flash,대학생들이 선망하는 국내 최고 수준의 기업 연계 연구 프로그램이 궁금해.,FALSE,0.0,
2026-06-11,Gemma-2-9B,대학생들이 선망하는 국내 최고 수준의 기업 연계 연구 프로그램이 궁금해.,FALSE,0.0,대학생들이 선망하는 국내 최고 수준의 기업 연계 연구 프로그램 중에는 다음과 같은 프로그램이 있습니다.  1. **Samsung Advanced Institute of Technology (SAIT) 연구프로그램**: 삼성전자에서 운영하는 사내 연구소인 SAIT에서는 학생들을 위한 연구프로그램을 운영하고 있습니다. 이 프로그램에서는 학생들이 cutting-edge 기술을 연구하고 개발할 수 있는 기회를 제공합니다. 2. **SK Innovation 연구프로그램**: SK그룹의 자회사인 SK이노베이션에서는 학생들을 위한 연구프로그램을 운영하고 있습니다. 이 프로그램에서는 학생들이 혁신적인 기술을 연구하고 개발할 수 있는 기회를 제공합니다. 3. **LG CNS 연구프로그램**: LG그룹의 자회사인 LG CNS
2026-06-11,Llama-3.3-70B,실제 현업 개발자들의 코드 리뷰를 받으면서 성장할 수 있는 대학생 프로젝트가 있을까?,FALSE,0.0,"대학생 프로젝트에서 실제 현업 개발자들의 코드 리뷰를 받으면서 성장할 수 있는 기회는 여러 가지가 있습니다. 아래는 몇 가지 예시입니다.  1. **오픈소스 프로젝트**: 오픈소스 프로젝트에 참여하여 실제 현업 개발자들의 리뷰를 받을 수 있습니다. GitHub, GitLab 등에서 오픈소스 프로젝트를 찾아서 참여할 수 있습니다. 2. **해커톤**: 해커톤은 짧은 기간 동안 프로젝트를 개발하는 행사입니다. 현업 개발자들이 멘토로 참여하는 경우가 많으며, 코드 리뷰를 받을 수 있습니다. 3. **프로젝트 기반 학습**: 일부 대학에서는 프로젝트 기반 학습을 제공합니다. 이 경우, 현업 개발자들이 멘토로 참여하여 코드 리뷰를 해줄 수 있습니다. 4. **인턴십**: 인턴십을 통해 실제 현업에서 개발자들과 함께 "
2026-06-11,Gemini-1.5-Flash,실제 현업 개발자들의 코드 리뷰를 받으면서 성장할 수 있는 대학생 프로젝트가 있을까?,FALSE,0.0,
2026-06-11,Gemma-2-9B,실제 현업 개발자들의 코드 리뷰를 받으면서 성장할 수 있는 대학생 프로젝트가 있을까?,FALSE,0.0,"대학생 프로젝트로 실제 현업 개발자들의 코드 리뷰를 받는 경험을 할 수 있는 방법은 다음과 같습니다.  1. **오픈 소스 프로젝트 참여**: 오픈 소스 프로젝트에 참여하여 기여할 수 있습니다. 대부분의 오픈 소스 프로젝트는 GitHub, GitLab, Bitbucket과 같은 저장소에서 관리되며, 개발자들은 코드 리뷰를 통해 프로젝트에 기여합니다. 2. **커뮤니티 기반 프로젝트**: 커뮤니티 기반 프로젝트에 참여하여 개발자들과 함께 코드를 작성하고 리뷰 받을 수 있습니다. 예를 들어, CodeMonkey, HackerRank, Codewars와 같은 사이트에서 프로젝트를 만들고 다른 개발자들과 협업할 수 있습니다. 3. **코드 리뷰 플랫폼**: 코드 리뷰 플랫폼으로 Code Review Board, C"
2026-06-11,Llama-3.3-70B,서울대나 카이스트 같은 주요 대학들이 기업이랑 같이 하는 프로젝트 뭐 있니?,FALSE,0.0,"서울대와 카이스트는 다양한 기업들과 협력하여 여러 프로젝트를 진행하고 있습니다. 아래는 일부 예시입니다:  1. **서울대-삼성전자 협력 프로젝트**: 서울대와 삼성전자는 다양한 기술 개발 프로젝트를 공동으로 진행하고 있습니다. 예를 들어, 서울대와 삼성전자는 5G 네트워크 기술 개발을 위한 협력 프로젝트를 진행하고 있으며, AI 및 데이터 분석 기술 개발에도 협력하고 있습니다. 2. **카이스트-현대자동차 협력 프로젝트**: 카이스트와 현대자동차는 자율 주행 자동차 기술 개발을 위한 협력 프로젝트를 진행하고 있습니다. 카이스트의 연구자들은 현대자동차와 함께 자율 주행 자동차의 센서 기술 개발 및 알고리즘 개발에 참여하고 있습니다. 3. **서울대-LG전자 협력 프로젝트**: 서울대와 LG전자는 다양한 기술"
2026-06-11,Gemini-1.5-Flash,서울대나 카이스트 같은 주요 대학들이 기업이랑 같이 하는 프로젝트 뭐 있니?,FALSE,0.0,
2026-06-11,Gemma-2-9B,서울대나 카이스트 같은 주요 대학들이 기업이랑 같이 하는 프로젝트 뭐 있니?,FALSE,0.0,"한국에서 주요 대학들이 기업과 함께하는 프로젝트는 많습니다. 대표적인 예를 살펴보겠습니다.  1. **카이스트의 스타트업 어카운팅 프로그램**: 카이스트와 카카오 등 기업이 함께하는 스타트업 어카운팅 프로그램으로, 카이스트의 학생과 교수가 함께 스타트업을 창업하거나-existing 스타트업을 지원합니다.  2. **서울대 대우 연구소**: 서울대와 대우그룹이 함께하는 연구소로, 자동차, 조선, 통신 등 다양한 분야에서 연구 및 개발을 수행합니다.  3. **서울대 카이로스 연구소**: 서울대와 카이로스(카카오, 라인 등 모바일 기기 제조사)가 함께하는 연구소로, 모바일 기기, 소프트웨어, 데이터 분석 등 다양한 분야에서 연구 및 개발을 수행합니다.  4. **카이스트-삼성전자 협력 연구소**: 카이스트와 삼"
2026-06-11,Llama-3.3-70B,"스펙용 자격증 공부 말고, 내 아이디어를 진짜 비즈니스 모델로 검증받는 대외활동 추천해줘.",FALSE,0.0,"대외활동을 통해 자신의 아이디어를 비즈니스 모델로 검증받는 것은 매우 유용한 경험이 될 수 있습니다. 다음은 이러한 목적으로 추천할 수 있는 대외활동입니다:  1. **스타트업 경진대회**: 다양한 스타트업 경진대회는 아이디어를 비즈니스 모델로 발전시키는 데 도움이 될 수 있습니다. 이러한 대회는 아이디어를 소개하고 피드백을 받는 기회를 제공하며, 때때로는 자금 지원이나 멘토링도 받을 수 있습니다.  2. **해커톤 이벤트**: 해커톤은 아이디어를 실제 제품이나 서비스로 구현하는 것이 목표인 단기 프로젝트입니다. 개발자, 디자이너, 사업가 등 다양한 분야의 사람들과 협력하여 아이디어를 구현하고, 다른 참가자들의 피드백을 받을 수 있습니다.  3. **엔젤투자자 네트워크**: 엔젤투자자 네트워크는 초기 단계의"
2026-06-11,Gemini-1.5-Flash,"스펙용 자격증 공부 말고, 내 아이디어를 진짜 비즈니스 모델로 검증받는 대외활동 추천해줘.",FALSE,0.0,
2026-06-11,Gemma-2-9B,"스펙용 자격증 공부 말고, 내 아이디어를 진짜 비즈니스 모델로 검증받는 대외활동 추천해줘.",FALSE,0.0,내 아이디어를 실제 비즈니스 모델로 검증받을 수 있는 대외활동은 다음과 같습니다.  1. **Startup Weekend**: 세계 최대 규모의 스타트업 아카데미이다. 팀을 구성하고 54시간 동안 아이디어를 발전시키며 프로젝트를 완성하고 pitch를 통해 투자자们의 관심을 끌 수 있습니다. 2. **Google Developers Launchpad**: 구글에서 제공하는 스타트업 아카데미이다. 구글의 기술과 리소스를 통해 스타트업을 도와주는 프로그램입니다. 3. **K-Startup Grand Challenge**: 스타트업을 위한 글로벌 아카데미 프로그램입니다. 한국에서 운영되는 스타트업 프로그램으로 전 세계의 스타트업들이 참여할 수 있습니다. 4. **Stanford University's Startup
2026-06-11,Llama-3.3-70B,"IT 연합동아리(SOPT, 넥스터즈 등) 말고 대기업이 직접 운영하는 실무 개발 프로젝트 알려줘.",FALSE,0.0,"대기업이 직접 운영하는 실무 개발 프로젝트 중 일부는 다음과 같습니다.  1. **삼성전자 소프트웨어 멤버십**: 삼성전자에서 운영하는 소프트웨어 개발 프로젝트로, 대학생 및 대학원생을 대상으로 합니다. 참가자들은 실제 프로젝트에 참여하여 실무 경험을 쌓을 수 있습니다. 2. **LG전자 소프트웨어 아카데미**: LG전자에서 운영하는 소프트웨어 개발 교육 및 프로젝트로, 대학생 및 대학원생을 대상으로 합니다. 참가자들은 소프트웨어 개발 기술을 배우고 실제 프로젝트에 참여할 수 있습니다. 3. **SK텔레콤 T-Map 개발자 프로그램**: SK텔레콤에서 운영하는 개발자 프로그램으로, 대학생 및 대학원생을 대상으로 합니다. 참가자들은 T-Map 개발에 참여하여 실제 프로젝트 경험을 쌓을 수 있습니다. 4. **"
2026-06-11,Gemini-1.5-Flash,"IT 연합동아리(SOPT, 넥스터즈 등) 말고 대기업이 직접 운영하는 실무 개발 프로젝트 알려줘.",FALSE,0.0,
2026-06-11,Gemma-2-9B,"IT 연합동아리(SOPT, 넥스터즈 등) 말고 대기업이 직접 운영하는 실무 개발 프로젝트 알려줘.",FALSE,0.0,"대기업이 직접 운영하는 실무 개발 프로젝트에는 다음과 같은 예시가 있습니다.  1. **삼성 SDS**: 삼성 SDS는 자율주행차, 인공지능, 클라우드 컴퓨팅 등 다양한 기술을 개발하는 프로젝트입니다. 2. **카카오브레인**: 카카오그룹의 자회사인 카카오브레인은 인공지능 및 데이터 분석 기술을 개발하는 프로젝트입니다. 3. **NAVER D2**: 네이버의 자회사인 NAVER D2는 인공지능, 데이터 분석, 클라우드 컴퓨팅 등 다양한 기술을 개발하는 프로젝트입니다. 4. **LG CNS**: LG CNS는 IT 서비스 및 솔루션 개발을 전문으로 하는 프로젝트입니다. 5. **SK Telecom Open Labs**: SK텔레콤의 자회사인 SK텔레콤 오픈 랩스는 5G, 인공지능, 클라우드 컴퓨팅 등 다양한 "
2026-06-11,Llama-3.3-70B,대학생이 직접 만든 솔루션을 기업차원에서 홍보해 주는 활동이 있어?,FALSE,0.0,"네, 대학생이 직접 만든 솔루션을 기업차원에서 홍보해 주는 활동이 있습니다. 몇 가지 예를 들어보겠습니다.  1. **해커톤(Hackathon)**: 해커톤은 대학생들이 주제를 정해놓고 일정 시간 동안 프로젝트를 개발하여 발표하는 대회입니다. 많은 기업들이 해커톤을 주최하거나 후원하며, 우수한 프로젝트를 선정하여 기업의 자원을 통해 홍보하고 상용화시킵니다. 2. **창업보육센터**: 많은 대학과 기업들이 창업보육센터를 운영하고 있습니다. 이 센터에서는 대학생들이 자신의 아이디어를 개발하고, 기업의 자원을 통해 홍보하고 사업화할 수 있도록 지원합니다. 3. **기업가센터**: 일부 기업들은 대학생들이 자신의 프로젝트를 개발하고 홍보할 수 있도록 지원하는 기업가센터를 운영하고 있습니다. 이러한 센터에서는 대학생"
2026-06-11,Gemini-1.5-Flash,대학생이 직접 만든 솔루션을 기업차원에서 홍보해 주는 활동이 있어?,FALSE,0.0,
2026-06-11,Gemma-2-9B,대학생이 직접 만든 솔루션을 기업차원에서 홍보해 주는 활동이 있어?,FALSE,0.0,"네, 대학생이 직접 만든 솔루션을 기업 차원에서 홍보하는 활동을 여러 가지 형태로 진행하고 있습니다.  대표적인 예로는 '스타트업 창업 경진대회'가 있습니다. 이 대회에서는 대학생들이 자신의 아이디어와 솔루션을 발표하고, 경쟁하여 우승할 수 있습니다. 우승자들은 다양한 지원과 자금을 제공받고, 기업의 후원을 받을 수 있습니다.  또한, '디지털 전환'이나 '인공지능(AI)'과 같은 분야에 특화된 대회도 있습니다. 이 대회에서는 대학생들이 자신의 솔루션을 개발하고, 기업들이 이를 평가하여 선정하는 방식으로 진행됩니다.  또한, '스타트업 아카데미'나 '창업보육센터'와 같은 프로그램도 있습니다. 이 프로그램에서는 대학생들이 자신의 솔루션을 개발하고, 기업 전문가들의 보육과 지원을 받을 수 있습니다.  이 외에도"
2026-06-11,Llama-3.3-70B,공학 전공이랑 디자인/인문학을 융합해서 혁신적인 솔루션 만드는 대학생 융합 프로그램 추천해줘.,FALSE,0.0,"1. **서울대 디자인융합혁신원**: 서울대학교의 디자인융합혁신원은 디자인, 공학, 인문학 등의 다양한 분야를 융합하여 혁신적인 솔루션을 개발하는 프로그램입니다. 대학생们이 참석할 수 있으며, 디자인 사고와 기술을 결합하여 사회적 문제를 해결하는 방법을 배울 수 있습니다.  2. **KAIST 디자인고도화사업단**: KAIST의 디자인고도화사업단은 공학, 디자인, 인문학 등을 융합하여 혁신적인 솔루션을 개발하는 프로그램입니다. 대학생们이 참석할 수 있으며, 디자인 사고와 기술을 결합하여 사회적 문제를 해결하는 방법을 배울 수 있습니다.  3. **포스텍 미래자동차 혁신센터**: 포스텍의 미래자동차 혁신센터는 자동차 산업과 관련된 기술을 개발하는 프로그램입니다. 대학생们이 참석할 수 있으며, 자동화 기술과 디"
2026-06-11,Gemini-1.5-Flash,공학 전공이랑 디자인/인문학을 융합해서 혁신적인 솔루션 만드는 대학생 융합 프로그램 추천해줘.,FALSE,0.0,
2026-06-11,Gemma-2-9B,공학 전공이랑 디자인/인문학을 융합해서 혁신적인 솔루션 만드는 대학생 융합 프로그램 추천해줘.,FALSE,0.0,"공학 전공과 디자인/인문학을 융합하는 대학생 프로그램을 찾고 계신가요? 다음과 같은 프로그램들이 있습니다.  1. **Stanford University의 Design Program**: Stanford University에서 운영하는 디자인 프로그램은 공학, 인문학, 예술을 융합하여 혁신적인 솔루션을 만드는 교육을 제공합니다. 프로그램에서는 학생들이 디자인 사고방식을 개발하고, 창조적 문제 해결을 위한 설계를 적용하는 기회를 얻습니다. 2. **MIT Media Lab**: MIT Media Lab은 공학, 인문학, 예술을 융합하여 혁신적인 기술과 솔루션을 개발하는 프로그램을 제공합니다. 학생들은 다양한 분야의 전문가와 협업하여 프로젝트를 진행하며, 창조적 문제 해결을 위한 디자인 사고방식을 개발합니다. "
2026-06-11,Llama-3.3-70B,해외 IT 행사 참관이나 국제 공모전 출품 비용 지원해 주는 대학생 지원 사업이 궁금해.,FALSE,0.0,"해외 IT 행사 참관이나 국제 공모전 출품 비용을 지원해 주는 대학생 지원 사업에는 다음과 같은 몇 가지 프로그램이 있습니다.  1. **국가과학기술인력개발원(NISTEP)**: 과학기술정보통신부 산하 기관으로, 과학기술인력의 국제화와 글로벌 네트워크 구축을 지원합니다. 대학생을 포함한 과학기술인력을 대상으로 해외 학술대회 참가 지원사업을 운영하고 있습니다. 2. **한국과학재단(KF)**: 과학기술정보통신부 산하 기관으로, 과학기술연구 및 인력개발을 지원합니다. 대학생을 포함한 과학기술인력을 대상으로 해외 학술대회 참가 지원사업을 운영하고 있습니다. 3. **정보통신산업진흥원(NIA)**: 정보통신부 산하 기관으로, 정보통신 기술의 발전과 산업의 성장을 지원합니다. 대학생을 포함한 정보통신 분야 인력을 대"
2026-06-11,Gemini-1.5-Flash,해외 IT 행사 참관이나 국제 공모전 출품 비용 지원해 주는 대학생 지원 사업이 궁금해.,FALSE,0.0,
2026-06-11,Gemma-2-9B,해외 IT 행사 참관이나 국제 공모전 출품 비용 지원해 주는 대학생 지원 사업이 궁금해.,FALSE,0.0,"해외 IT 행사 참관이나 국제 공모전 출품을 위한 대학생 지원 사업은 여러 가지가 있습니다. 여기에 몇 가지 예시를 알려드리겠습니다.  1. **해외 IT 행사 지원사업 (ITPARK)**: 이TPARK는 국내 IT 기업의 해외 진출을 지원하는 사업 중 하나입니다. 이 프로그램은 대학생에게 해외 IT 행사에 참석하는 기회를 제공하며, 참가비 및 여행비를 지원합니다. 2. **국제 ICT 경진대회 지원사업 (MSIT)**: 미래창조과학부(MSIT)에서는 국제 ICT 경진대회에 참가하는 대학생을 지원하고 있습니다. 이 프로그램은 참가비 및 여행비를 지원하며, 국제 경진대회 참가 경험을 제공합니다. 3. **해외 인턴십 지원사업 (한국산업기술진흥원)**: 한국산업기술진흥원에서는 대학생에게 해외 인턴십 프로그램을 "
2026-06-11,Llama-3.3-70B,아이디어가 참신하면 대기업에서 실제로 사업화까지 검토해 주는 산학협력 프로젝트가 있을까?,FALSE,0.0,"네, 아이디어가 참신하면 대기업에서 실제로 사업화까지 검토해 주는 산학협력 프로젝트가 있습니다. 이러한 프로젝트는 대기업과 대학 또는 연구기관 간의 협력을 통해 새로운 기술이나 아이디어를 발굴하고 사업화하는 것을 목적으로 합니다.  예를 들어, 한국의 대기업인 삼성전자, LG전자, 현대자동차 등은 대학 및 연구기관과 협력을 통해 새로운 기술이나 아이디어를 발굴하고 사업화하는 프로젝트를 진행하고 있습니다. 이러한 프로젝트는 대기업이 새로운 기술이나 아이디어를 발굴하고 사업화하는 데 도움이 되며, 동시에 대학 및 연구기관에게는 새로운 기술이나 아이디어를 개발하고 사업화하는 기회를 제공합니다.  또한, 한국 정부는 산학협력 프로젝트를 지원하기 위해 다양한 프로그램을 운영하고 있습니다. 예를 들어, 한국과학기술연구"
2026-06-11,Gemini-1.5-Flash,아이디어가 참신하면 대기업에서 실제로 사업화까지 검토해 주는 산학협력 프로젝트가 있을까?,FALSE,0.0,
2026-06-11,Gemma-2-9B,아이디어가 참신하면 대기업에서 실제로 사업화까지 검토해 주는 산학협력 프로젝트가 있을까?,FALSE,0.0,"네, 참신한 아이디어를 가진 스타트업이나 연구기관과 대기업이 공동으로 협력하는 산학협력 프로젝트가 있습니다. 이러한 프로젝트는 기술 개발, 사업화, 시장화 등 다양한 영역에서 협력하고 사업화를 목표로 삼는 경우가 많습니다.  대표적인 산학협력 프로젝트로는 다음과 같은 것이 있습니다.  1. **스타트업 에코システム**: 정부와 대기업이 지원하는 스타트업의 사업화와 성장을 도와주는 프로그램입니다. 스타트업은 기술 개발, 시장 조사, 사업 계획 등에 대한 지원을 받으며, 대기업은 기술 개발, 자원 공급, 경영 지침 등의 도움이 됩니다. 2. **인더스트리-아카데미 협력프로그램**: 대기업과 대학, 연구기관이 공동으로 협력하여 기술 개발, 교육, 연구 등에 대한 지원을 받는 프로그램입니다. 대학이나 연구기관의 연"
2026-06-11,Llama-3.3-70B,요즘 대기업들이 대학생들이랑 같이 여는 데모데이나 결과 공유회 행사 사례 알려줘.,FALSE,0.0,"대기업들이 대학생들과 함께 여는 데모데이나 결과 공유회 행사 사례는 다음과 같습니다.  1. **삼성전자 소프트웨어 개발자 대회**: 삼성전자는 매년 대학생들을 대상으로 소프트웨어 개발자 대회를 개최합니다. 대회에서 우수한 작품을 선정하여 데모데이를 열고, 참가자들은 자신의 작품을 발표하고 전문가들의 피드백을 받습니다. 2. **LG전자 대학생 아이디어 공모전**: LG전자는 대학생들을 대상으로 아이디어 공모전을 개최합니다. 우수한 아이디어를 선정하여 결과 공유회를 열고, 참가자들은 자신의 아이디어를 발표하고 전문가들의 평가를 받습니다. 3. **카카오 대학생 창업 경진대회**: 카카오는 대학생들을 대상으로 창업 경진대회를 개최합니다. 참가자들은 자신의 창업 아이디어를 발표하고, 전문가들의 평가를 받습니다."
2026-06-11,Gemini-1.5-Flash,요즘 대기업들이 대학생들이랑 같이 여는 데모데이나 결과 공유회 행사 사례 알려줘.,FALSE,0.0,
2026-06-11,Gemma-2-9B,요즘 대기업들이 대학생들이랑 같이 여는 데모데이나 결과 공유회 행사 사례 알려줘.,FALSE,0.0,"대기업들이 대학생들과 함께 진행하는 데모데이와 결과 공유회 행사는 다음과 같은 사례가 있습니다.  1. **삼성전자 - 삼성역량개발센터**: 삼성전자와 함께 협력하는 역량개발센터에서는 대학생들과 함께 데모데이를 진행합니다. 이 행사는 대학생들이 자신의 아이디어를 발표하고, 피드백을 받으며, 기업과 함께 프로젝트를 진행할 기회를 제공합니다. 2. **LG전자 - LG인노페이스**: LG전자와 함께 협력하는 인노페이스에서는 대학생들과 함께 데모데이를 진행합니다. 이 행사는 대학생들이 자신의 아이디어를 발표하고, 피드백을 받으며, 기업과 함께 프로젝트를 진행할 기회를 제공합니다. 3. **SK하이닉스 - SK하이닉스 인재개발원**: SK하이닉스와 함께 협력하는 인재개발원에서는 대학생들과 함께 데모데이를 진행합니다"
2026-06-11,Llama-3.3-70B,주도적으로 신기술을 연구하고 싶은 대학생들을 위한 대기업 테크 싱크탱크 프로그램이 있어?,FALSE,0.0,"대학생들을 위한 대기업 테크 싱크탱크 프로그램은 다음과 같습니다.  1. **삼성전자 DS부문 '테크포럼'**: 대학생을 대상으로 신기술에 대한 연구 및 개발을 지원하는 프로그램입니다. 참가자는 최신 기술을 연구하고, 프로젝트를 진행하며, 전문가로부터 멘토링을 받을 수 있습니다. 2. **LG전자 '테크챌린지'**: 대학생들이 신기술을 연구하고 개발하는 프로그램입니다. 참가자는 LG전자 전문가들과 협력하여 프로젝트를 진행하며, 수상자에게는 상금과 취업기회가 제공됩니다. 3. **SK텔레콤 'T-Brain'**: 대학생을 대상으로 인공지능, 데이터 분석, 클라우드 등 신기술을 연구하고 개발하는 프로그램입니다. 참가자는 SK텔레콤 전문가들과 협력하여 프로젝트를 진행하며, 취업기회가 제공됩니다. 4. **현대자동"
2026-06-11,Gemini-1.5-Flash,주도적으로 신기술을 연구하고 싶은 대학생들을 위한 대기업 테크 싱크탱크 프로그램이 있어?,FALSE,0.0,
2026-06-11,Gemma-2-9B,주도적으로 신기술을 연구하고 싶은 대학생들을 위한 대기업 테크 싱크탱크 프로그램이 있어?,FALSE,0.0,"네, 한국의 대기업이나 정부 기관에서 주도적으로 신기술을 연구 및 개발하는 테크 싱크탱크 프로그램이 있습니다. 다음은 몇 가지 예시입니다.  1. **삼성전자 연구원 양성 프로그램**: 삼성전자에서는 대학생들을 대상으로 연구원 양성 프로그램을 운영하고 있습니다. 이 프로그램은 기술 개발 및 연구 활동에 참여하여 실무 경험을 쌓을 수 있는 기회를 제공합니다. 2. **LG전자 연구원 양성 프로그램**: LG전자에서도 대학생들을 대상으로 연구원 양성 프로그램을 운영하고 있습니다. 이 프로그램은 기술 개발 및 연구 활동에 참여하여 실무 경험을 쌓을 수 있는 기회를 제공합니다. 3. **SK텔레콤 연구원 양성 프로그램**: SK텔레콤에서는 대학생들을 대상으로 연구원 양성 프로그램을 운영하고 있습니다. 이 프로그램은"
2026-06-11,Llama-3.3-70B,IT 업계 취업 준비할 때 이력서에 쓰면 가장 임팩트 있는 대기업 대외활동이 뭐야?,FALSE,0.0,"대기업 대외활동은 이력서에 쓰면 좋은 경험이 될 수 있지만, IT 업계 취업 준비할 때 가장 임팩트 있는 대기업 대외활동은 다음과 같은 것들이 있습니다.  1. **구글 스타트업 아카데미**: 구글이 제공하는 스타트업 아카데미는_startup 기업에 대한 교육과 멘토링을 제공하는 프로그램입니다. 이 프로그램을 통해 참가자는 스타트업 기업의 운영과 관리에 대한 지식을 습득할 수 있습니다. 2. **마이크로소프트 인턴십**: 마이크로소프트는 IT 업계에서 가장 유명한 기업 중 하나로, 인턴십 프로그램을 통해 참가자는 실제 프로젝트에 참여하여 실무 경험을 쌓을 수 있습니다. 3. **삼성전자 소프트웨어 아카데미**: 삼성전자 소프트웨어 아카데미는 개발자에게 필요한 기술과 지식을 습득할 수 있는 프로그램입니다. 이"
2026-06-11,Gemini-1.5-Flash,IT 업계 취업 준비할 때 이력서에 쓰면 가장 임팩트 있는 대기업 대외활동이 뭐야?,FALSE,0.0,
2026-06-11,Gemma-2-9B,IT 업계 취업 준비할 때 이력서에 쓰면 가장 임팩트 있는 대기업 대외활동이 뭐야?,FALSE,0.0,"IT 업계 취업 준비를 위한 이력서에 쓰면 가장 임팩트가 있는 대기업 대외활동은 여러 가지가 있지만, 아래와 같은 대기업 대외활동이 일반적으로 많이 언급됩니다.  1. **삼성 SDS (삼성 소프트웨어 개발센터)의 개발 팀에 참여** : 삼성 SDS는 세계적인 IT 기업으로서 다양한 서비스와 솔루션을 제공하고 있습니다. 이곳에 참여한 개발 팀의 경험과 성과를 이력서에 언급하면 임팩트가 큽니다. 2. **카카오의 개발 팀에 참여** : 카카오는 세계적인 기술 기업으로서 AI, 빅데이터, 모바일 등 다양한 기술을 개발하고 있습니다. 카카오의 개발 팀에 참여한 경험이 이력서에 잘 반영되면 큰 장점이 될 것입니다. 3. **네이버 개발 팀에 참여** : 네이버는 한국의 대표적인 검색 엔진 회사로서 다양한 서비스와 "
2026-06-11,Llama-3.3-70B,대학생 전공자들이 만든 작동하는 라이프 솔루션이나 웹/앱 포트폴리오를 볼 수 있는 사이트 추천해줘.,FALSE,0.0,"대학생 전공자들이 만든 작동하는 라이프 솔루션이나 웹/앱 포트폴리오를 볼 수 있는 사이트를 추천해 드리겠습니다.  1. **Behance**: 비즈니스, 디자인, 기술 등 다양한 분야의 포트폴리오를 볼 수 있는 사이트입니다. 대학생 전공자들의 작품과 프로젝트도 많이 있습니다. 2. **GitHub**: 오픈소스 소프트웨어 개발 플랫폼입니다. 많은 대학생 전공자들이 자신의 프로젝트와 코드를 공유합니다. 3. **GitLab**: GitHub와 비슷한 플랫폼으로, 많은 대학생 전공자들이 프로젝트와 코드를 공유합니다. 4. **Portfolio 사이트**: 포트폴리오 사이트는 개인이나 팀이 자신의 작품과 프로젝트를展示하는 사이트입니다. 예를 들어, Wix, WordPress, Weebly 등이 있습니다. 5. *"
2026-06-11,Gemini-1.5-Flash,대학생 전공자들이 만든 작동하는 라이프 솔루션이나 웹/앱 포트폴리오를 볼 수 있는 사이트 추천해줘.,FALSE,0.0,
2026-06-11,Gemma-2-9B,대학생 전공자들이 만든 작동하는 라이프 솔루션이나 웹/앱 포트폴리오를 볼 수 있는 사이트 추천해줘.,FALSE,0.0,"대학생 전공자들이 만든 작동하는 라이프 솔루션이나 웹/앱 포트폴리오를 볼 수 있는 사이트에 대한 정보는 다음과 같습니다.  1. **GitHub**: GitHub은 코드 공유와 협업을 위한 온라인 플랫폼입니다. 많은 대학생들이 자신의 프로젝트를 GitHub에 올려 공유하고 있습니다. 다양한 언어와 기술을 사용하여 구축된 프로젝트를 볼 수 있습니다. 2. **Behance**: Behance는 디자이너와 개발자들이 자신의 작품을 공유하는 온라인 플랫폼입니다. 대학생 전공자들이 만든 웹/앱 포트폴리오를 볼 수 있고, 다양한 디자인과 개발 기술을 사용하여 구축된 프로젝트를 볼 수 있습니다. 3. **Dribbble**: Dribbble은 디자이너가 자신의 디자인 작품을 공유하는 온라인 플랫폼입니다. 대학생 전공자"
2026-06-11,Llama-3.3-70B,대기업 임직원들 앞에서 내가 만든 서비스를 직접 피칭(발표)해 볼 수 있는 기회가 있을까?,FALSE,0.0,대기업 임직원들 앞에서 직접 피칭할 수 있는 기회는 여러 가지가 있습니다. 다음은 몇 가지 방법입니다:  1. **스타트업 경진대회**: 많은 대기업들이 스타트업 경진대회를 주최합니다. 이 대회에서 우승하거나 입상하면 대기업 임직원들 앞에서 직접 피칭할 수 있는 기회를 얻을 수 있습니다. 2. **벤처 캐피탈 투자유치**: 벤처 캐피탈 회사에서 투자를 유치하고자 하는 스타트업들은 대기업 임직원들 앞에서 피칭을 해야 합니다. 벤처 캐피탈 회사에서 투자를 받으면 대기업 임직원들 앞에서 직접 피칭할 수 있는 기회를 얻을 수 있습니다. 3. **대기업의 오픈 이노베이션 프로그램**: 일부 대기업들은 오픈 이노베이션 프로그램을 운영합니다. 이 프로그램에서 스타트업들은 대기업 임직원들 앞에서 직접 피칭할 수 있습니다.
2026-06-11,Gemini-1.5-Flash,대기업 임직원들 앞에서 내가 만든 서비스를 직접 피칭(발표)해 볼 수 있는 기회가 있을까?,FALSE,0.0,
2026-06-11,Gemma-2-9B,대기업 임직원들 앞에서 내가 만든 서비스를 직접 피칭(발표)해 볼 수 있는 기회가 있을까?,FALSE,0.0,"대의기업 임직원들 앞에서 서비스를 직접 피칭하는 기회를 찾고 계신다면, 다음과 같은 방법을 이용해 볼 수 있습니다.  1. **스타트업 액셀러레이터**: 대기업에 소속된 스타트업 액셀러레이터가 여러 곳 있습니다. 이러한 액셀러레이터는 신규 스타트업을 지원하고, 자금을 제공하는 등 다양한 지원을 제공합니다. 액셀러레이터를 통해 서비스를 피칭하는 기회를 찾을 수 있습니다. 2. **스타트업 대회**: 대기업이 주최하는 스타트업 대회가 많이 있습니다. 이러한 대회는 다양한 주제와 분야에 대한 서비스를 발표하는 기회를 제공합니다. 3. **인턴십 프로그램**: 대기업의 인턴십 프로그램에 참여하는 경우, 서비스를 피칭하는 기회를 찾을 수 있습니다. 4. **스타트업 네트워킹 이벤트**: 대기업이 주최하는 스타트업 네"
2026-06-11,Llama-3.3-70B,국내 금융·보험사 중에서 요즘 AI나 디지털 기술 도입에 가장 적극적인 기업이 어디야?,TRUE,0.82,"国内 金融·保險社 중에서 요즘 AI나 디지털 기술 도입에 가장 적극적인 기업은 여러 가지가 있지만, 대표적인 곳으로는 다음과 같은 곳들이 있습니다.  1. **삼성생명**: 삼성생명은 AI와 디지털 기술을 활용하여 고객 서비스를 개선하고 있습니다. 예를 들어, AI를 이용한 고객 상담 시스템을 도입하여 고객의 질문에迅速하게 응대하고 있습니다. 2. **KB금융**: KB금융은 디지털 뱅킹 서비스를 강화하고 있으며, 모바일 뱅킹 애플리케이션을 통해 고객이 다양한 금융 서비스를 쉽게 이용할 수 있도록 하고 있습니다. 3. **신한금융**: 신한금융은 AI와 블록체인 기술을 활용하여 금융 서비스를 혁신하고 있습니다. 예를 들어, AI를 이용한 자산관리 서비스를 제공하여 고객의 자산을 효과적으로 관리할 수 있도록 "
2026-06-11,Gemini-1.5-Flash,국내 금융·보험사 중에서 요즘 AI나 디지털 기술 도입에 가장 적극적인 기업이 어디야?,FALSE,0.0,
2026-06-11,Gemma-2-9B,국내 금융·보험사 중에서 요즘 AI나 디지털 기술 도입에 가장 적극적인 기업이 어디야?,TRUE,0.8,"국내 금융·보험사 중에서 요즘 AI나 디지털 기술 도입에 가장 적극적인 기업은 다음과 같습니다.  1. **NH농협은행**: NH농협은행은 AI와 로봇 기술을 도입하여 인공지능 고객센터를 운영하고 있습니다. 또한, 자산관리 플랫폼을 개발하여 고객의 자산을 효율적으로 관리할 수 있도록 하고 있습니다. 2. **신한은행**: 신한은행은 AI와 빅데이터를 활용한 맞춤 서비스를 제공하고 있습니다. 또한, 자산관리 플랫폼을 개발하여 고객의 자산을 효율적으로 관리할 수 있도록 하고 있습니다. 3. **한국투자금융**: 한국투자금융은 AI를 활용한 자산관리 서비스를 제공하고 있습니다. 또한, 로봇 기술을 도입하여 고객의 자산을 효율적으로 관리할 수 있도록 하고 있습니다. 4. **삼성생명**: 삼성생명은 AI를 활용한 "
2026-06-11,Llama-3.3-70B,보수적인 대기업 이미지를 완전히 깨고 '혁신 테크 기업'으로 브랜딩 성공한 국내 사례 알려줘.,FALSE,0.0,"보수적인 대기업 이미지를 완전히 깨고 '혁신 테크 기업'으로 브랜딩에 성공한 국내 사례 중 하나는 현대자동차입니다.   현대자동차는 과거에 보수적이고 전통적인 대기업 이미지로 알려졌지만, 최근 몇 년간 다양한 전략을 통해 혁신 テ크 기업으로 브랜딩을 성공했습니다.   예를 들어, 현대자동차는 전기차와 자율주행 기술에 대한 투자를 확대하고, 새로운 기술 개발을 위한 연구소와 파트너십을 강화했습니다. 또한, 최근에는 현대모터스튜디오를 통해 디자인과 기술을 결합한 혁신적인 전기차를 출시하며, 기술과 디자인의 결합으로 새로운 브랜드 이미지를 형성했습니다.  또한, 현대자동차는 다양한 마케팅 캠페인을 통해 젊은 세대와 기술에 관심이 많은消费者들에게 접근하고 있습니다. 예를 들어, 소셜 미디어를 통한 캠페인과 협업을 "
2026-06-11,Gemini-1.5-Flash,보수적인 대기업 이미지를 완전히 깨고 '혁신 테크 기업'으로 브랜딩 성공한 국내 사례 알려줘.,FALSE,0.0,
2026-06-11,Gemma-2-9B,보수적인 대기업 이미지를 완전히 깨고 '혁신 테크 기업'으로 브랜딩 성공한 국내 사례 알려줘.,FALSE,0.0,"국내에서 보수적인 대기업 이미지를 깨고 '혁신 테크 기업'으로 브랜딩 성공한 사례로는 다음을 들 수 있습니다.  1. **카카오**: 카카오는 1995년에 설립되었으며,最初는 카카오톡을 출시한 이후 다양한 서비스를 제공해 왔습니다. 그러나 2014년부터 카카오는 테크리더십을 강조하기 시작했으며, AI, 빅데이터, 블록체인 등 다양한 혁신 기술을 개발하고 서비스에 적용했습니다. 카카오의 이러한 노력으로 인해 '혁신 테크 기업'으로 브랜딩 성공을 거두었습니다.  2. **네이버**: 네이버는 1999년 설립되었으며, 검색 엔진으로 시작하여 현재는 다양한 서비스를 제공하는 대기업입니다. 네이버는 2015년부터 테크리더십을 강조하기 시작했으며, AI, 빅데이터, 로봇 기술 등 다양한 혁신 기술을 개발하고 서비스에 "
2026-06-11,Llama-3.3-70B,광고 영상 대부분을 생성형 AI 기술로 제작해서 대박 난 국내 브랜드 캠페인 추천해줘.,FALSE,0.0,"최근에 생성형 AI 기술을 활용하여 광고 영상 대부분을 제작한 국내 브랜드 캠페인 중에 하나는 '삼성전자'의 '갤럭시 S23' 광고 캠페인입니다. 이 캠페인은 AI 기술을 활용하여 다양한 시퀀스와 장면을 자동으로 생성하여, 광고 영상의 제작 시간과 비용을 크게 줄일 수 있었습니다.  또 다른 예로는 '카카오'의 '카카오톡' 광고 캠페인이 있습니다. 이 캠페인은 AI 기술을 활용하여 다양한 캐릭터와 스토리를 자동으로 생성하여, 광고 영상의 다양성과 재미를 높일 수 있었습니다.  이 외에도 '현대자동차', 'LG전자' 등 다른 국내 브랜드들도 생성형 AI 기술을 활용하여 광고 캠페인을 진행하고 있습니다. 이러한 캠페인들은 생성형 AI 기술의 가능성을 보여주고 있으며, 향후 더 많은 브랜드들이 이러한 기술을 활용"
2026-06-11,Gemini-1.5-Flash,광고 영상 대부분을 생성형 AI 기술로 제작해서 대박 난 국내 브랜드 캠페인 추천해줘.,FALSE,0.0,
2026-06-11,Gemma-2-9B,광고 영상 대부분을 생성형 AI 기술로 제작해서 대박 난 국내 브랜드 캠페인 추천해줘.,FALSE,0.0,"광고 영상 대부분을 생성형 AI 기술로 제작한 국내 브랜드 캠페인은 다음과 같습니다.  1. **네이버 x 가디언즈: '하늘과 땅을 지키는 사람들'** - 가디언즈는 네이버가 개발한 AI 기술을 이용해 제작한 캠페인으로, 가디언즈의 가치와 미래를 표현한 시각적인 작품입니다. 2. **삼성전자 x 메타버스: '삼성전자 메타버스 캠페인'** - 삼성전자의 메타버스 캠페인은 생성형 AI 기술을 이용해 제작한 3D 그래픽과 VR 경험을 제공하는 캠페인입니다. 3. **LG전자 x LG스마트폰: 'LG스마트폰 AI 캠페인'** - LG전자와 LG스마트폰의 협업한 캠페인은 AI 기술을 이용해 제작한 3D 모델과 애니메이션을 이용해 LG스마트폰의 혁신적인 기능을 표현한 캠페인입니다. 4. **신한은행 x 에이치에스비: "
2026-06-11,Llama-3.3-70B,"단순히 상품 파는 걸 넘어, 고객 삶 전반을 케어하는 '라이프케어 플랫폼' 비전을 가진 금융사가 있어?",FALSE,0.0,"네, 고객 삶 전반을 케어하는 '라이프케어 플랫폼' 비전을 가진 금융사가 있습니다. 예를 들어, 카카오페이와 같은 금융 플랫폼은 단순히 금융 서비스를 제공하는 것을 넘어, 고객의 일상 생활을 지원하는 다양한 서비스를 제공하고 있습니다.  카카오페이는 카카오의 금융 플랫폼으로, 결제, 송금, 투자, 보험 등 다양한 금융 서비스를 제공합니다. 하지만, 카카오페이는 단순히 금융 서비스를 제공하는 것을 넘어, 고객의 일상 생활을 지원하는 다양한 서비스를 제공하고 있습니다.  예를 들어, 카카오페이는 고객의 건강과 웰빙을 지원하는 서비스를 제공합니다. 카카오페이의 '카카오헬스' 서비스는 고객의 건강 데이터를 관리하고, 건강 관련 정보를 제공합니다. 또한, 카카오페이는 고객의 일상 생활을 지원하는 서비스를 제공합니다."
2026-06-11,Gemini-1.5-Flash,"단순히 상품 파는 걸 넘어, 고객 삶 전반을 케어하는 '라이프케어 플랫폼' 비전을 가진 금융사가 있어?",FALSE,0.0,
2026-06-11,Gemma-2-9B,"단순히 상품 파는 걸 넘어, 고객 삶 전반을 케어하는 '라이프케어 플랫폼' 비전을 가진 금융사가 있어?",FALSE,0.0,"네, 단순히 상품 파는 걸 넘어 고객 삶 전반을 케어하는 '라이프케어 플랫폼' 비전을 가진 금융사가 있습니다.  한 예로, KB금융그룹의 KB라이프플래너가 있습니다. KB라이프플래너는 고객의 삶 전반을 케어하는 라이프케어 플랫폼을 제공합니다. 이 플랫폼은 고객의 금융 계획부터 건강 관리, 교육, 여행, 주택 등 다양한 분야까지 모든 측면에서 케어하고 있습니다.  또한, KB라이프플래너는 AI와 빅데이터를 활용하여 고객의 생활 패턴과 요구를 정확히 이해하고, 개인화된 서비스를 제공합니다. 예를 들어, 고객의 건강 관리를 위해 맞춤형 건강 프로그램을 제공하거나, 여행을 계획할 때 적합한 상품과 서비스를 추천합니다.  KB라이프플래너의 라이프케어 플랫폼은 고객의 삶을 보다 편리하고 행복하게 만드는 데 중점을 두고"
2026-06-11,Llama-3.3-70B,"전통 산업(제조, 금융 등)이 최신 테크 기술과 만나서 디지털 트랜스포메이션(DT)을 이룬 모범 사례는?",FALSE,0.0,"전통 산업이 최신 테크 기술과 만나서 디지털 트랜스포메이션(DT)을 이루는 모범 사례는 다양하지만, 몇 가지 대표적인 예를 들어보겠습니다.  1. **제조 산업: GE의 디지털 트랜스포메이션** GE는 тради적인 제조 산업에서 디지털 기술을 도입하여 디지털 트랜스포메이션을 이루었습니다. GE는 IoT, 빅데이터, 클라우드 컴퓨팅 등을 활용하여 제조 공정을 최적화하고, 예측 유지보수를 구현하였습니다. 이를 통해 생산성과 효율성을 향상시키고, 고객 만족도를 높였습니다. 2. **금융 산업: 비자(VISA)의 디지털 결제 시스템** 비자는 전통적인 금융 산업에서 디지털 기술을 도입하여 디지털 결제 시스템을 구축했습니다. 비자는 모바일 결제, 온라인 결제, kontaktless 결제 등 다양한 디지털 결제 방법"
2026-06-11,Gemini-1.5-Flash,"전통 산업(제조, 금융 등)이 최신 테크 기술과 만나서 디지털 트랜스포메이션(DT)을 이룬 모범 사례는?",FALSE,0.0,
2026-06-11,Gemma-2-9B,"전통 산업(제조, 금융 등)이 최신 테크 기술과 만나서 디지털 트랜스포메이션(DT)을 이룬 모범 사례는?",FALSE,0.0,"디지털 트랜스포메이션(DT)은 전통 산업이 최신 테크 기술과 만나서 이루어지는 개념입니다. 대표적인 모범 사례로 다음을 예시로 들 수 있습니다.  1. **GE Healthcare의 IoT**: 제너럴 일렉트릭(GE) 헬스케어는 의료 장비에 IoT 기술을 적용하여 의료 서비스를 개선했습니다. 의료 장비의 데이터를 실시간으로 모니터링하고 분석하여 의사에게 추천을 제공하였습니다. 2. **Walmart의 AI**: 월마트는 AI 기술을 사용하여 고객 서비스를 개선했습니다. 고객의 주문 정보와 구매 기록을 분석하여 개인화된 추천을 제공하였습니다. 또한, AI-powered 로봇을 사용하여 물류 처리를 자동화하여 효율성을 높였습니다. 3. **Kia Motors의 5G**: 기아자동차는 5G 네트워크를 사용하여 차"
2026-06-11,Llama-3.3-70B,최근 2030 세대한테 호평받은 기업 광고 캠페인 분석해줘.,FALSE,0.0,"최근 2030 세대에게 호평받은 기업 광고 캠페인은 다음과 같습니다.  1. **한국토지주택공사 (LH)**: LH는 2022년 ""내 꿈을 찾아줘"" 캠페인을 진행했습니다. 이 캠페인은 2030 세대의 꿈과 열정을 지원하기 위해 다양한 콘텐츠를 제공했으며, SNS를 통해 많은 호응을 얻었습니다. 2. **삼성전자**: 삼성전자는 2022년 ""나의 꿈을 디자인하다"" 캠페인을 진행했습니다. 이 캠페인은 2030 세대의 꿈과 열정을 지원하기 위해 다양한 교육 프로그램과 콘텐츠를 제공했으며, 많은 호응을 얻었습니다. 3. **KT**: KT는 2022년 ""내가 꿈꾸는 세상"" 캠페인을 진행했습니다. 이 캠페인은 2030 세대의 꿈과 열정을 지원하기 위해 다양한 콘텐츠와 서비스를 제공했으며, SNS를 통해 많은 호응을 "
2026-06-11,Gemini-1.5-Flash,최근 2030 세대한테 호평받은 기업 광고 캠페인 분석해줘.,FALSE,0.0,
2026-06-11,Gemma-2-9B,최근 2030 세대한테 호평받은 기업 광고 캠페인 분석해줘.,FALSE,0.0,"최근 2030 세대에 호평을 받은 기업 광고 캠페인에 대해 분석해드리겠습니다. 2030 세대는 디지털 네이티브 세대로, 광고 캠페인에 대한 기대치는 매우 높습니다.  1. **나트랑의 집** (Natasha's House) - 네이버 광고 캠페인  - 가수 이승기와 나연이 출연하는 네이버 광고 캠페인 '나트랑의 집'은 2030 세대의 관점을 담은 광고로, 유튜버와 소셜 미디어를 통해 전 세계적으로 화제가 되었으며, 2023 년 10 일 기준으로 1,200 만 views 를 달성했습니다. 2. **스피드** (Speed) - SKT 광고 캠페인  - 2023 년 스포츠의 승부를 결정하는 '스피드'를 주제로 SKT가 진행한 광고 캠페인은 2030 세대의 관점을 담은 아동 인권과 자립을 강조하는 내용으로, 202"
2026-06-11,Llama-3.3-70B,금융 업계에서 최신 빅데이터나 생성형 AI 모델을 실제 업무에 어떻게 활용하고 있는지 궁금해.,FALSE,0.0,"금융 업계에서 빅데이터와 생성형 AI 모델을 활용하는 방법은 다양합니다. 다음과 같은 예시를 통해 실제 업무에서 어떻게 활용하고 있는지 살펴보겠습니다.  1. **고객 세분화 및 마케팅**: 빅데이터를 분석하여 고객의 행동 패턴, 선호도, 구매 기록 등을 파악하고, 생성형 AI 모델을 사용하여 고객을 세분화하여 타겟 마케팅을 수행할 수 있습니다. 이를 통해 더 효과적인 마케팅 캠페인을 진행할 수 있습니다. 2. **위험 관리**: 빅데이터를 분석하여 고객의 신용도, 채무 상환 능력, 위험 요인 등을 평가하고, 생성형 AI 모델을 사용하여 위험을 예측하고 관리할 수 있습니다. 이를 통해 금융 기관은 더 효과적인 위험 관리를 수행할 수 있습니다. 3. **투자 분석**: 빅데이터를 분석하여 시장 동향, 경제 지"
2026-06-11,Gemini-1.5-Flash,금융 업계에서 최신 빅데이터나 생성형 AI 모델을 실제 업무에 어떻게 활용하고 있는지 궁금해.,FALSE,0.0,
2026-06-11,Gemma-2-9B,금융 업계에서 최신 빅데이터나 생성형 AI 모델을 실제 업무에 어떻게 활용하고 있는지 궁금해.,FALSE,0.0,"금융 업계는 최근 빅데이터와 생성형 AI 모델을 실제 업무에 어떻게 활용하고 있는지에 대해 다음과 같이 설명할 수 있습니다.  1. **고객 분석 및 마케팅** : 대량의 고객 데이터를 분석하여 고객의 구매 성향, 금융 욕구, 위험도를 파악하여 개별화된 마케팅 전략을 구축합니다. 예를 들어, 고객의 데이터를 기반으로 맞춤형 금융 상품을 추천하는 등의 활용이 있습니다.  2. **리스크 관리** : 빅데이터와 생성형 AI 모델을 이용하여 금융 기관의 자산 가치, 이자율, 환율, 이자율 등 금융 시장의 변동성을 분석하여 금융 기관의 자산 가치에 대한 위험도를 평가 및 관리합니다.  3. **거래 예측 및 분류** : 거래 데이터를 분석하여 고객의 거래 패턴을 파악하여 위법 거래를 예측 및 분류합니다. 예를 들어"
2026-06-11,Llama-3.3-70B,기업의 중장기 미래 비전 선포와 청년 상생 프로젝트를 연계해서 시너지를 낸 마케팅 사례가 있니?,FALSE,0.0,"한국에서 이러한 마케팅 사례 중 하나는 LG전자입니다. LG전자는 2020년에 ""Two Tops""라는 중장기 비전을 선포하였습니다. 이 비전은 LG전자가 전 세계에서 두 개의 주요 분야인 전자와 자동차 부품에서 상위 1위를 달성하는 것을 목표로 합니다.  이 비전 선포와 함께, LG전자는 ""청년 상생 프로젝트""를 진행했습니다. 이 프로젝트의 목표는 청년들이 자신의 꿈을 실현할 수 있도록 지원하는 것입니다. LG전자는 청년들에게 교육과 훈련의 기회를 제공하며, 또한 청년들이 창업을 지원하는 프로그램을 운영했습니다.  이러한 마케팅 전략은 LG전자가 사회적 책임을 다하고, 청년들에게 기회를 제공하며, 동시에 기업의 미래 비전을 선포하는 것을 통해 시너지를 낼 수 있었습니다. 이 프로젝트는 LG전자의 브랜드 이미"
2026-06-11,Gemini-1.5-Flash,기업의 중장기 미래 비전 선포와 청년 상생 프로젝트를 연계해서 시너지를 낸 마케팅 사례가 있니?,FALSE,0.0,
2026-06-11,Gemma-2-9B,기업의 중장기 미래 비전 선포와 청년 상생 프로젝트를 연계해서 시너지를 낸 마케팅 사례가 있니?,FALSE,0.0,"네, 기업의 중장기 미래 비전 선포와 청년 상생 프로젝트를 연계해서 시너지를 낸 마케팅 사례가 있습니다.  **사례 1: LG전자 - '리미트리스' 프로젝트**  LG전자에서 '리미트리스' 프로젝트를 진행했습니다. 이 프로젝트는 청년들의 창조력과 혁신성을 키우기 위해 설계된 프로그램으로, 청년들의 아이디어를 모으고 제품 개발을 도와 주었습니다. LG전자에서 이 프로젝트를 통해 개발된 제품은 'LG그램'이라는 제품으로, 세계 최초로 360도 돌 수 있는 노트북으로 출시되었습니다. 이 제품은 청년들에게 큰 인기를 끌었고, LG전자에서 새로운 비즈니스 모델을 만들었습니다.  **사례 2: 삼성전자 - '삼성 청년 인턴십' 프로그램**  삼성전자에서 '삼성 청년 인턴십' 프로그램을 진행했습니다. 이 프로그램은 청년"
2026-06-11,Llama-3.3-70B,사내 임직원들의 데이터를 모아서 브랜드 메시지에 녹여낸 기발한 사내외 커커뮤니티/캠페인 사례가 있어?,FALSE,0.0,"예, 다음과 같은 사례들이 있습니다:  1. **IBM의 ""IBM 에반젤리스트"" 캠페인**: IBM은 사내 임직원들을 이용하여 브랜드 메시지를 전달하는 캠페인을 진행했습니다. 임직원들은 자신의 경험과 감동을 공유하여 IBM의 기술과 혁신을 홍보했습니다. 2. **마이크로소프트의 ""Microsoft Life"" 캠페인**: 마이크로소프트는 사내 임직원들의 일상과 경험을 공유하는 캠페인을 진행했습니다. 임직원들은 자신의 일상과 업무를 공유하여 마이크로소프트의 문화와 가치를 표현했습니다. 3. **구글의 ""Google Culture"" 캠페인**: 구글은 사내 임직원들의 경험과 감동을 공유하는 캠페인을 진행했습니다. 임직원들은 자신의 경험과 업무를 공유하여 구글의 문화와 혁신을 홍보했습니다. 4. **삼성전자)의 """
2026-06-11,Gemini-1.5-Flash,사내 임직원들의 데이터를 모아서 브랜드 메시지에 녹여낸 기발한 사내외 커커뮤니티/캠페인 사례가 있어?,FALSE,0.0,
2026-06-11,Gemma-2-9B,사내 임직원들의 데이터를 모아서 브랜드 메시지에 녹여낸 기발한 사내외 커커뮤니티/캠페인 사례가 있어?,FALSE,0.0,"네, 여러 사례가 있습니다.   1. **다음에서 '내친구' 캠페인** :      다음은 2005년 '내친구' 캠페인을 진행했는데, 이는 사용자들의 경험을 기반으로 한 브랜드 메시지를 전달하는 사례입니다. 다음은 사용자들의 데이터를 분석하여, 사용자들의 주변에 있는 사람들의 목록을 제공했으며, 그들은 서로를 '내 친구'라고 불렀습니다. 이 캠페인은 사용자들의 경험을 기반으로 한 브랜드 메시지를 전달하였으며, 사용자들의 참여를 유도하는 효과적인 사례입니다.  2. **네이버에서 '나의 지구' 캠페인** :      네이버는 2014년 '나의 지구' 캠페인을 진행했는데, 이는 사용자들의 활동을 기반으로 한 지역의 정보를 제공하는 사례입니다. 네이버는 사용자들의 위치와 활동을 분석하여, 사용자들이 자주 방문하는"
2026-06-11,Llama-3.3-70B,최근 국내 대기업들이 밀고 있는 상생(CSR) 트렌드나 대학생 연계 오픈 이노베이션 사례 알려줘.,FALSE,0.0,"최근 국내 대기업들이 밀고 있는 상생(CSR) 트렌드와 대학생 연계 오픈 이노베이션 사례는 다음과 같습니다.  1. **삼성전자**: 삼성전자는 '삼성전자 사회공헌재단'을 설립하여 사회공헌 활동을 전개하고 있습니다. 대학생 연계 프로젝트로는 '삼성전자 대학생 아이디어 공모전'을 개최하여 대학생들의 창의적인 아이디어를 수집하고 있습니다. 2. **LG전자**: LG전자는 'LG전자 사회공헌재단'을 설립하여 교육, 복지, 환경 등 다양한 사회공헌 활동을 전개하고 있습니다. 대학생 연계 프로젝트로는 'LG전자 대학생 디자인 공모전'을 개최하여 대학생들의 디자인 능력을 발굴하고 있습니다. 3. **SK텔레콤**: SK텔레콤은 'SK텔레콤 사회공헌재단'을 설립하여 교육, 복지, 환경 등 다양한 사회공헌 활동을 전개하"
2026-06-11,Gemini-1.5-Flash,최근 국내 대기업들이 밀고 있는 상생(CSR) 트렌드나 대학생 연계 오픈 이노베이션 사례 알려줘.,FALSE,0.0,
2026-06-11,Gemma-2-9B,최근 국내 대기업들이 밀고 있는 상생(CSR) 트렌드나 대학생 연계 오픈 이노베이션 사례 알려줘.,FALSE,0.0,"최근 국내 대기업들과 대학생들이 함께하는 상생(CSR, Corporate Social Responsibility) 트렌드와 대학생 연계 오픈 이노베이션 사례를 알려드리겠습니다.  1. **삼성전자와 SK하이닉스의 CSR 프로젝트**  삼성전자와 SK하이닉스는 대학생들을 대상으로 인공지능(AI), 인터넷 오브 씽스(IoT), 5G 등 Cutting-edge 기술 분야에서 프로젝트를 진행하고 있습니다. 이 프로젝트는 대학생들이 전문가와 함께 협력하여 새로운 아이디어를 개발하고 사업화하는 기회를 제공하고 있습니다.  2. **LG전자와 대학생 아이디어 공모전**  LG전자에서는 대학생에게 아이디어 공모전을 개최하여 대학생들로부터 새로운 아이디어를 수집하고 도출하는 프로젝트를 진행하고 있습니다. 이 프로젝트는 대학"
2026-06-11,Llama-3.3-70B,보험회사(인슈어테크)가 기존의 보장 서비스를 넘어 빅테크 기술 솔루션으로 영역을 확장하는 이유가 뭐야?,FALSE,0.0,"보험회사(인슈어테크)가 기존의 보장 서비스를 넘어 빅테크 기술 솔루션으로 영역을 확장하는 이유는 다음과 같습니다.  1. **고객 니즈의 변화**: 기술의 발전과 디지털화의 증가로 인해 고객의 니즈가 다양해지고 있습니다. 보험회사는 이러한变化하는 고객 니즈에 대응하기 위해 새로운 기술과 서비스를 제공하고자 합니다. 2. **경쟁력 강화**: 보험시장은 점점 더 경쟁적이 되어가고 있습니다. 보험회사는 빅테크 기술 솔루션을 통해 경쟁력을 강화하고, 시장 점유율을 확대하고자 합니다. 3. **신규 고객 확보**: 빅테크 기술 솔루션을 통해 새로운 고객 층을 확보할 수 있습니다. 예를 들어, 보험회사는 모바일 애플리케이션을 통해 젊은 층의 고객을 끌어들이거나, 인공지능을 활용한 상담 서비스를 제공하여 고객 경험을 "
2026-06-11,Gemini-1.5-Flash,보험회사(인슈어테크)가 기존의 보장 서비스를 넘어 빅테크 기술 솔루션으로 영역을 확장하는 이유가 뭐야?,FALSE,0.0,
2026-06-11,Gemma-2-9B,보험회사(인슈어테크)가 기존의 보장 서비스를 넘어 빅테크 기술 솔루션으로 영역을 확장하는 이유가 뭐야?,FALSE,0.0,"보험회사(인슈어테크)가 기존의 보험 서비스를 넘어 빅테크 기술 솔루션으로 영역을 확장하는 이유는 아래와 같습니다.  1. **디지털화와 데이터 분석**: 빅데이터와 인공지능(AI) 기술을 이용하여 고객의 데이터를 분석하고, 예측을 가능하게 할 수 있습니다. 이는 보험사에 새로운 비즈니스 기회를 제공하고 고객에게 더 나은 서비스를 제공할 수 있게 해줍니다. 2. **자동화와 효율화**: 빅테크 기술을 통해 보험 사의 운영을 자동화하고, 효율화를 달성할 수 있습니다. 예를 들어, 보험 청구와 청구심사 과정을 자동화할 수 있습니다. 3. **혁신적인 서비스 개발**: 빅테크 기술을 이용하여 새로운 서비스를 개발할 수 있습니다. 예를 들어, 보험사에 맞춤형 보험 서비스를 제공할 수 있습니다. 4. **경쟁력 강화를"
2026-06-11,Llama-3.3-70B,"기업의 슬로건을 단순 말장난이 아니라, 실제 산학협력 프로젝트나 결과물로 실천하는 진정성 있는 기업 사례는?",FALSE,0.0,"기업의 슬로건을 단순한 말장난이 아니라, 실제 산학협력 프로젝트나 결과물로 실천하는 진정성 있는 기업 사례로는 다음과 같은 것들이 있습니다.  1. **삼성전자**: ""품질과 혁신을 위한 도전""이라는 슬로건 아래, 삼성전자는 산학협력을 통해 다양한 기술 개발 프로젝트를 진행하고 있습니다. 예를 들어, KAIST와의 협력을 통해 AI 기술 개발 프로젝트를 진행하였으며, 이 프로젝트의 결과물은 실제 제품에 적용되었습니다. 2. **LG전자**: ""생활의 가치를 높이는 기술""이라는 슬로건 아래, LG전자는 산학협력을 통해 다양한 기술 개발 프로젝트를 진행하고 있습니다. 예를 들어, 서울대학교와의 협력을 통해 에너지 하베스팅 기술 개발 프로젝트를 진행하였으며, 이 프로젝트의 결과물은 실제 제품에 적용되었습니다. 3"
2026-06-11,Gemini-1.5-Flash,"기업의 슬로건을 단순 말장난이 아니라, 실제 산학협력 프로젝트나 결과물로 실천하는 진정성 있는 기업 사례는?",FALSE,0.0,
2026-06-11,Gemma-2-9B,"기업의 슬로건을 단순 말장난이 아니라, 실제 산학협력 프로젝트나 결과물로 실천하는 진정성 있는 기업 사례는?",FALSE,0.0,"기업의 슬로건이 실제 산학협력 프로젝트나 결과물로 실천되는 대표적인 사례를 소개해 드리겠습니다.  1. **삼성전자**  삼성전자에서는 'Innovation Leadership'을 슬로건으로 사용하고 있습니다. 이 슬로건은 삼성전자가 혁신을 주도하는 리더십을 의미합니다. 삼성전자는 산학협력 프로젝트를 통해 다양한 연구를 수행하고 있습니다. 예를 들어, 삼성전자는 한국과학기술연구원(KIST)과 함께 차세대 반도체 기술 개발을 위한 연구를 수행하였습니다.  2. **LG전자**  LG전자에서는 'Life's Good'을 슬로건으로 사용하고 있습니다. 이 슬로건은 사람들의 삶을 더 좋게 하는 것을 의미합니다. LG전자에서는 산학협력 프로젝트를 통해 다양한 연구를 수행하고 있습니다. 예를 들어, LG전자에서는 한국"
2026-06-11,Llama-3.3-70B,요즘 대기업 마케팅 트렌드 중에서 오프라인 행사 대신 '영구적인 디지털 자산(온라인 전시)'을 구축하는 이유가 궁금해.,FALSE,0.0,"요즘 대기업 마케팅 트렌드 중에서 오프라인 행사 대신 '영구적인 디지털 자산(온라인 전시)'을 구축하는 이유는 다음과 같습니다.  1. **비용 및 시간 효율성**: 오프라인 행사에는 많은 비용과 시간이 소요됩니다. 장소 대여, 장치 설치, 인력 관리 등이 필요하지만, 온라인 전시는 이러한 비용을 절감할 수 있습니다. 또한, 온라인 전시는 24시간 연중무휴로 운영이 가능하여 더 많은 사람들이 접근할 수 있습니다.  2. **대상자 확대**: 오프라인 행사는 특정 장소와 날짜에 제한되기 때문에, 참가자 수도 제한적입니다. 하지만 온라인 전시는 전 세계 어디에서나, 언제든지 접근할 수 있기 때문에 더 많은 대상자를 확대할 수 있습니다.  3. **데이터 수집 및 분석**: 온라인 전시는 사용자 행동, 클릭률,停"
2026-06-11,Gemini-1.5-Flash,요즘 대기업 마케팅 트렌드 중에서 오프라인 행사 대신 '영구적인 디지털 자산(온라인 전시)'을 구축하는 이유가 궁금해.,FALSE,0.0,
2026-06-11,Gemma-2-9B,요즘 대기업 마케팅 트렌드 중에서 오프라인 행사 대신 '영구적인 디지털 자산(온라인 전시)'을 구축하는 이유가 궁금해.,FALSE,0.0,"요즘 대기업 마케팅 트렌드는 점점 더 디지털화되고 있습니다. 오프라인 행사 대신 영구적인 디지털 자산(온라인 전시)을 구축하는 이유는 다음과 같습니다.  1. **유지보수 비용 감소**: 오프라인 행사는 실제 물리적인 공간을 빌여서 행사를 개최해야 하므로, 공간租료, 인력 등 유지보수 비용이 많이 듭니다. 그러나 온라인 전시는 디지털로 구축할 수 있으므로, 유지보수 비용이 크게 감소합니다. 2. **확장 가능성**: 오프라인 행사는 공간의 크기와 인원에 제한이 있습니다. 그러나 온라인 전시는 무제한으로 확장할 수 있으므로, 더 많은 사람들에게 노출할 수 있습니다. 3. **데이터 분석 가능성**: 온라인 전시는 디지털로 구축할 수 있으므로, 방문자들의 성향, 행동 등 데이터를 분석할 수 있습니다. 이는 마케"
2026-06-11,Llama-3.3-70B,생성형 AI 시대에 맞춰 웹사이트나 홍보 채널을 GEO(AI 검색 최적화) 기반 텍스트로 설계하는 혁신적인 기업이 있어?,FALSE,0.0,"네, 현재 여러 기업이 웹사이트나 홍보 채널을 GEO(AI 검색 최적화) 기반 텍스트로 설계하고 있습니다. 이러한 기업들은 다음과 같은 혁신적인 접근 방식을 사용하고 있습니다.  1. **AI 기반 콘텐츠 생성**: 일부 기업은 AI를 사용하여 콘텐츠를 자동으로 생성하고, 이를 통해 검색 엔진 최적화(SEO)를 개선하고 있습니다. 2. **자연어 처리(NLP) 기술**: 다른 기업들은 NLP 기술을 사용하여 사용자의 언어 패턴과 검색 키워드를 분석하고, 이를 기반으로 콘텐츠를 최적화하고 있습니다. 3. **머신 러닝 기법**: 일부 기업은 머신 러닝 기법을 사용하여 사용자의 행동 패턴과 검색 키워드를 분석하고, 이를 기반으로 콘텐츠를 최적화하고 있습니다. 4. **GEO 기반 마케팅**: 일부 기업들은 GE"
2026-06-11,Gemini-1.5-Flash,생성형 AI 시대에 맞춰 웹사이트나 홍보 채널을 GEO(AI 검색 최적화) 기반 텍스트로 설계하는 혁신적인 기업이 있어?,FALSE,0.0,
2026-06-11,Gemma-2-9B,생성형 AI 시대에 맞춰 웹사이트나 홍보 채널을 GEO(AI 검색 최적화) 기반 텍스트로 설계하는 혁신적인 기업이 있어?,FALSE,0.0,"생성형 AI 시대에 GEO(AI 검색 최적화) 기반 텍스트로 설계하는 혁신적인 기업 중 하나는 Semantic Scholar 인데요. 이 회사는 AI를 활용한 검색 최적화와 지식 공유를 위한 플랫폼을 제공하고 있습니다.   Semantic Scholar는 검색 결과를 AI를 활용하여 최적화하고, 사용자에게 관련성이 높은 결과를 제공합니다. 또한, 기계 학습 알고리즘을 사용하여 학술 논문과 연구 결과를 분석하고, 관련성 있는 정보를 제공합니다.  또한, 이 회사는 자연어 처리(NLP)와 지식 그래프 기술을 결합하여 검색 결과를 제공하고, 사용자에게 보다 정확하고 관련성 높은 정보를 제공합니다.  그 외에도, GeoRanker, Ahrefs, SEMrush 등 많은 기업이 GEO(AI 검색 최적화) 기반 텍스트"
2026-06-11,Llama-3.3-70B,국내 금융 그룹 중에서 청년 개발자들을 육성해서 미래 기술 생태계를 다지려는 상생 모델을 소개해줘.,FALSE,0.0,"국내 금융 그룹 중에서 청년 개발자들을 육성해서 미래 기술 생태계를 다지려는 상생 모델의 대표적인 예로는 다음과 같은 경우가 있다.  1. **KB금융그룹의 'KB 오픈 뱅킹'**: KB금융그룹은 청년 개발자들을 육성하기 위해 'KB 오픈 뱅킹' 플랫폼을 구축하였다. 이 플랫폼을 통해 개발자들은 KB금융그룹의 API를 사용하여 금융 관련 서비스를 개발할 수 있다. 또한, KB금융그룹은 개발자들에게 다양한 지원을 제공하며, 개발된 서비스를 통해 새로운 비즈니스 모델을 창출하고자 한다. 2. **신한금융그룹의 '신한 FKI'**: 신한금융그룹은 '신한 FKI'를 통해 청년 개발자들을 육성하고 있다. 신한 FKI는 금융 관련 기술을 개발하는 스타트업과 개발자를 지원하는 프로그램으로, 개발자들에게 자금 지원, 멘토"
2026-06-11,Gemini-1.5-Flash,국내 금융 그룹 중에서 청년 개발자들을 육성해서 미래 기술 생태계를 다지려는 상생 모델을 소개해줘.,FALSE,0.0,
2026-06-11,Gemma-2-9B,국내 금융 그룹 중에서 청년 개발자들을 육성해서 미래 기술 생태계를 다지려는 상생 모델을 소개해줘.,FALSE,0.0,국내 금융 그룹 중에서 청년 개발자들을 육성하고 미래 기술 생태계를 다지기 위한 상생 모델 중 하나가 있습니다. 바로 '금융그룹·IT기업 상생 모델'입니다.  이 모델은 금융그룹과 IT기업이 협력하여 다음과 같은 혜택을 제공합니다.  1. **금융그룹의 IT 인력 양성**: 금융그룹은 IT기업과 함께 청년 개발자들을 육성하여 IT 인력을 확보합니다. 이를 통해 금융그룹은 IT 전문가의 수준을 높여 경쟁력을 강화할 수 있습니다. 2. **IT기업의 금융 산업 진출**: IT기업은 금융그룹과 함께 금융 산업 진출을 지원받습니다. 이를 통해 IT기업은 새로운 시장에 진출하여 새로운 수익을 창출할 수 있습니다. 3. **금융그룹의 IT 기술 혁신**: 금융그룹은 IT기업과 함께 금융 산업의 IT 기술 혁신을 지원받
2026-06-11,Llama-3.3-70B,보험의 본질을 '불안이나 두려움 극복'에서 '고객 삶의 가능성 개발'로 재정의한 브랜드가 어디야?,FALSE,0.0,보험의 본질을 '불안이나 두려움 극복'에서 '고객 삶의 가능성 개발'로 재정의한 브랜드는 '메트라이프'입니다. 메트라이프는 기존의 보험 산업에서 벗어나 고객의 삶의 가능성을 개발하고 풍부하게 하는 방향으로 사업을 전개하고 있습니다.
2026-06-11,Gemini-1.5-Flash,보험의 본질을 '불안이나 두려움 극복'에서 '고객 삶의 가능성 개발'로 재정의한 브랜드가 어디야?,FALSE,0.0,
2026-06-11,Gemma-2-9B,보험의 본질을 '불안이나 두려움 극복'에서 '고객 삶의 가능성 개발'로 재정의한 브랜드가 어디야?,FALSE,0.0,보험의 본질을 '불안이나 두려움 극복'에서 '고객 삶의 가능성 개발'로 재정의한 브랜드로 알려진 것이 '라이프소나티카'입니다.
2026-06-11,Llama-3.3-70B,"넷플릭스가 DVD 대여점에서 콘텐츠 플랫폼이 됐듯, 국내 기업 중 체질 개선에 성공한 사례가 있을까?",FALSE,0.0,"네, 국내 기업 중 체질 개선에 성공한 사례는 여러 가지가 있습니다. 몇 가지 예를 들어보겠습니다.  1. **삼성전자**: 1990년대 초반, 삼성전자는 주로 저가형 전자제품을 생산하고 있었습니다. 그러나 CEO인 이건희 회장이 전사적으로 품질과 혁신을 강조하면서, 삼성전자는 고급형 전자제품을 개발하고 글로벌 시장에서 경쟁력을 갖추기 시작했습니다. 오늘날, 삼성전자는 세계 최고의 전자제품 기업 중 하나로 자리 잡았습니다.  2. **현대자동차**: 1990년대 후반, 현대자동차는 품질과 디자인면에서 글로벌 자동차 업체들과 경쟁에서 뒤처졌습니다. 그러나 2000년대 초반, 현대자동차는 품질과 디자인을 개선하고 새로운 모델을 출시하면서 글로벌 시장에서 경쟁력을 갖추기 시작했습니다. 오늘날, 현대자동차는 세계 "
2026-06-11,Gemini-1.5-Flash,"넷플릭스가 DVD 대여점에서 콘텐츠 플랫폼이 됐듯, 국내 기업 중 체질 개선에 성공한 사례가 있을까?",FALSE,0.0,
2026-06-11,Gemma-2-9B,"넷플릭스가 DVD 대여점에서 콘텐츠 플랫폼이 됐듯, 국내 기업 중 체질 개선에 성공한 사례가 있을까?",FALSE,0.0,"넷플릭스와 유사한 성공 사례로 다음의 국내 기업을 들 수 있습니다.  1. **카카오뱅크**: 카카오뱅크는 카카오의 모바일 결제 서비스인 카카오힐트를 기반으로 은행 서비스를 제공하는 금융 기업입니다. 카카오힐트를 통해 은행의 서비스를 제공하여 고객의 편의성을 높였고, 이로 인해 고객의 신뢰를 얻었습니다.  2. **신한은행**: 신한은행은 대중적으로 알려진 은행 중 하나로, 신한은행의 마이뱅크 서비스는 고객의 편의성을 극대화하여 고객의 신뢰를 얻었습니다. 마이뱅크를 통해 고객은 계좌 조회, 이체, 수표 발행, 신용 카드 결제 등 다양한 금융 서비스를 제공받을 수 있습니다.  3. **NH농협은행**: NH농협은행은 농협의 금융 서비스를 제공하는 은행으로, 마이팜 서비스를 통해 고객의 편의성을 높였습니다. 마"
2026-06-11,Llama-3.3-70B,기술력과 사회적 가치를 동시에 잡았다고 평가받는 대기업의 브랜드 랩(Lab) 프로젝트를 알려줘.,FALSE,0.0,"삼성전자, LG전자, 현대자동차 등 대기업에서 진행하는 랩(Lab) 프로젝트 중 기술력과 사회적 가치를 동시에 잡았다고 평가받는 프로젝트로는 다음과 같은 것들이 있습니다.  1. **삼성전자 기술연구소 (SAIT)**: 삼성전자는 기술연구소에서 다양한 랩 프로젝트를 진행하고 있습니다. 예를 들어, '디자인 랩'에서는 사용자 중심의 디자인을 개발하고, '소프트웨어 랩'에서는 인공지능, 데이터 분석 등 다양한 소프트웨어 기술을 개발하고 있습니다. 2. **LG전자 기술원 (LG Science Park)**: LG전자 기술원은 다양한 랩 프로젝트를 진행하고 있습니다. 예를 들어, '로보틱스 랩'에서는 로봇 기술을 개발하고, '에너지 솔루션 랩'에서는 재생에너지 기술을 개발하고 있습니다. 3. **현대자동차 기술연"
2026-06-11,Gemini-1.5-Flash,기술력과 사회적 가치를 동시에 잡았다고 평가받는 대기업의 브랜드 랩(Lab) 프로젝트를 알려줘.,FALSE,0.0,
2026-06-11,Gemma-2-9B,기술력과 사회적 가치를 동시에 잡았다고 평가받는 대기업의 브랜드 랩(Lab) 프로젝트를 알려줘.,FALSE,0.0,"기술력과 사회적 가치를 동시에 잡았다는 평가를 받는 대기업의 브랜드 랩(Lab) 프로젝트로는 다음의 몇 가지 예를 들 수 있습니다.  1. **삼성전자 - 삼성 연구소**: 삼성전자에는 다양한 연구소가 있습니다. 그 중 하나가 ""삼성 연구소""입니다. 이 연구소는 다양한 기술 개발에 참여하고 있으며, 사회적 문제를 해결하는 데에도 기여하고 있습니다. 예를 들어, 삼성 연구소에서는 의료기기 및 의료 기술 개발, 자율주행 자동차 개발, 에너지 절감 기술 개발 등 다양한 프로젝트를 진행하고 있습니다.  2. **LG전자 - LG전자 연구소**: LG전자 또한 다양한 연구소를 가지고 있으며, 그 중 하나가 ""LG전자 연구소""입니다. 이 연구소는 다양한 기술 개발에 참여하고 있으며, 사회적 문제를 해결하는 데에도 기여"
2026-06-11,Llama-3.3-70B,전 임직원을 '개발자(Developer)'로 규정하고 디지털 혁신을 선언한 파격적인 기업 사례가 궁금해.,FALSE,0.0,"전 임직원을 개발자로 규정하고 디지털 혁신을 선언한 파격적인 기업 사례로는 다음과 같은 몇 가지 기업이 있습니다.  1. **샤오미(Xiaomi)**: 샤오미는 중국의 스마트폰 제조업체로, 모든 임직원을 개발자로 간주합니다. 이들은 모든 직원들이 개발자로서의 역할을 이해하고, 디지털 기술을 활용하여 혁신적인 아이디어를 제안할 수 있도록 지원합니다. 2. **구글(Google)**: 구글은 모든 임직원을 개발자로 간주하고, 20%의 시간을 개인 프로젝트에 투입할 수 있도록 지원합니다. 이를 통해 구글은 많은 혁신적인 서비스와 기술을 개발할 수 있었습니다. 3. **아마존(Amazon)**: 아마존은 모든 임직원을 개발자로 간주하고, 디지털 기술을 활용하여 혁신적인 서비스를 개발하도록 지원합니다. 아마존의 개발"
2026-06-11,Gemini-1.5-Flash,전 임직원을 '개발자(Developer)'로 규정하고 디지털 혁신을 선언한 파격적인 기업 사례가 궁금해.,FALSE,0.0,
2026-06-11,Gemma-2-9B,전 임직원을 '개발자(Developer)'로 규정하고 디지털 혁신을 선언한 파격적인 기업 사례가 궁금해.,FALSE,0.0,"이런 파격적인 기업 사례가 있습니다.  **사례:** 2K 게임즈와 그의 CEO, 리브 시그몬드  리브 시그몬드는 2K 게임즈의 설립자이자 CEO로, 그는 게임 산업에서 혁신을 이끄는 기업을 꿈꾸었습니다. 2005년, 그는 모든 직원을 '개발자(Developer)'로 규정하고 디지털 혁신을 선언했습니다.  **의도:**  *   모든 직원은 개발자로 간주되며, 게임 개발, 디자인, 마케팅, 마케팅, 지원 등 모든 업무를 개발자로서 수행합니다. *   이론과 실무의 경계를 허물어 모든 직원이 게임 개발에 대한 창의적이고 혁신적인 아이디어를 제안할 수 있도록 합니다. *   디지털 혁신을 통해 게임 산업을 선도하고 새로운 시장에 진출할 수 있도록 합니다.  **파격적인 측면:**  *   전 임직원을 개발자로 "
2026-06-11,Llama-3.3-70B,전통 산업의 한계를 뛰어넘어 '보.넘.보(보험을 넘어서는 보험)' 같은 과감한 메시지를 던지는 국내 트렌드는?,TRUE,0.0,"전통 산업의 한계를 뛰어넘어 '보.넘.보(보험을 넘어서는 보험)' 같은 과감한 메시지를 던지는 국내 트렌드는 '비대면'과 '디지털化'입니다. 이러한 트렌드는 보험 산업뿐만 아니라 다양한 산업 분야에서 나타나고 있습니다.  비대면 트렌드는 Offline 없이도 서비스를 제공하는 방식을 의미하며, 이에 따라 다양한 산업에서 비대면 서비스가 등장하고 있습니다. 예를 들어, 비대면 은행, 비대면 의료 서비스, 비대면 교육 등이 있습니다.  디지털화 트렌드는 산업의 디지털 변화를 의미하며, 이에 따라 다양한 산업에서 디지털 기술을 적용하여 효율성을 높이고 있습니다. 예를 들어, 보험 산업에서는 데이터 분석을 통해 보험료를 계산하거나, 고객 서비스를 자동화하는 등 디지털 기술을 적용하고 있습니다.  이러한 트렌드는 고"
2026-06-11,Gemini-1.5-Flash,전통 산업의 한계를 뛰어넘어 '보.넘.보(보험을 넘어서는 보험)' 같은 과감한 메시지를 던지는 국내 트렌드는?,FALSE,0.0,
2026-06-11,Gemma-2-9B,전통 산업의 한계를 뛰어넘어 '보.넘.보(보험을 넘어서는 보험)' 같은 과감한 메시지를 던지는 국내 트렌드는?,FALSE,0.0,"国内 트렌드에 대한 정보는 정확히 알 수 없습니다. 하지만, 보험산업의 전통적인 관행을 뛰어넘는 새로운 아이디어와 서비스를 제공하는 산업의 트렌드는 다음과 같습니다.  1. **다양한 형태의 보험**: 보험은 단순히 재해나 질병에 대한 보호만을 제공하는 것 이상입니다. 다양한 형태의 보험, 예를 들어 환경보호, 건강보호, 교육보호 등이 있습니다. 2. **디지털 보험**: 디지털 기술을 활용한 보험 서비스가 증가하고 있습니다. 예를 들어, 인공지능(AI)이나 블록체인(blockchain)을 사용한 보험 서비스가 있습니다. 3. **개인화된 보험**: 보험은 단순히 대량 고객을 위한 서비스가 아닌 개인의 니즈와 요구를 만족시키는 서비스를 제공하도록 합니다. 4. **협력형 보험**: 보험은 단순히 보험사만이 "
2026-06-11,Llama-3.3-70B,디지털 금융 플랫폼으로 전환하기 위해 탑티어 공과대학 인재들과 교류하는 기업들의 움직임을 분석해줘.,TRUE,0.0,"디지털 금융 플랫폼으로 전환하기 위해 탑티어 공과대학 인재들과 교류하는 기업들의 움직임을 분석해드리겠습니다.  최근 몇 년간, 기술의 발전과 디지털화의 가속화로 인해 금융 산업에서도 디지털화의 필요성이 증가하고 있습니다. 이러한 추세에 따라 많은 기업들이 디지털 금융 플랫폼으로 전환하기 위해 노력하고 있으며, 이를 위해 탑티어 공과대학 인재들과의 교류가 중요해지고 있습니다.  다음은 디지털 금융 플랫폼으로 전환하기 위해 탑티어 공과대학 인재들과 교류하는 기업들의 움직임을 분석한 내용입니다.  1. **인재 수급**: 디지털 금융 플랫폼의 개발과 운영을 위해 전문적인 기술 인력이 필요합니다. 탑티어 공과대학 인재들은 이러한 기술을 습득하고자 하는 열망이強하기 때문에, 기업들은 이러한 인재들을 채용하기 위해 노"
2026-06-11,Gemini-1.5-Flash,디지털 금융 플랫폼으로 전환하기 위해 탑티어 공과대학 인재들과 교류하는 기업들의 움직임을 분석해줘.,FALSE,0.0,
2026-06-11,Gemma-2-9B,디지털 금융 플랫폼으로 전환하기 위해 탑티어 공과대학 인재들과 교류하는 기업들의 움직임을 분석해줘.,FALSE,0.0,"디지털 금융 플랫폼으로 전환하기 위해 탑티어 공과대학 인재들과 교류하는 기업들의 움직임을 분석하면 다음과 같습니다.  **기업의 움직임**  1. **인재 파트너십**: 많은 기업들이 탑티어 공과대학과 파트너십을 맺고, 인재를 채용할 수 있도록 지원하고 있습니다. 이러한 파트너십은 기업과 대학 간의 협력을 강화하고, 인재를 찾는 데 도움이 됩니다. 2. **강의 및 워크샵**: 기업들이 대학에 강의 및 워크샵을 개최하여, 학생들에게 실무 경험을 제공하고, 비즈니스 및 기술을 교육합니다. 이로써, 학생들은 기업의 실제 운영을 경험할 수 있고, 기업 또한 이니셔티브를 발굴할 수 있습니다. 3. **인턴십 프로그램**: 기업들이 대학에 인턴십 프로그램을 제공하여, 학생들에게 실무 경험을 제공하고, 기업의 비즈니스"
2026-06-11,Llama-3.3-70B,AI 연출과 기업 메시지가 자연스럽게 어우러져 업계의 찬사를 받은 신규 광고 캠페인 추천해줘.,FALSE,0.0,"최근에 발표된 신규 광고 캠페인 중에서 AI 연출과 기업 메시지가 자연스럽게 어우러져 업계의 찬사를 받은 몇 가지 예를 소개해 드리겠습니다.  1. **구글의 ""Real Tone"" 캠페인**: 구글은 최근 ""Real Tone"" 캠페인을 통해 다양한 인종과 피부색을 가진 사람들을 포함한 광고를 제작했습니다. 이 캠페인은 AI를 이용하여 피부색과 인종을 인식하고, 이를 기반으로 한 맞춤형 광고를 제공합니다. 이 캠페인은 업계에서 큰 찬사를 받았으며, 구글의 브랜드 이미지를 मजब화하는 데 기여했습니다.  2. **아마존의 ""Alexa"" 캠페인**: 아마존은 최근 ""Alexa"" 캠페인을 통해 AI 기반의 보조 기능을 강조했습니다. 이 캠페인은 Alexa를 이용하여 일상 생활을 더 편리하게 만들 수 있는 다양한 방"
2026-06-11,Gemini-1.5-Flash,AI 연출과 기업 메시지가 자연스럽게 어우러져 업계의 찬사를 받은 신규 광고 캠페인 추천해줘.,FALSE,0.0,
2026-06-11,Gemma-2-9B,AI 연출과 기업 메시지가 자연스럽게 어우러져 업계의 찬사를 받은 신규 광고 캠페인 추천해줘.,FALSE,0.0,업계의 찬사를 받은 광고 캠페인의 몇 가지 예를 소개해드리겠습니다.  1. **Nike - Dream Crazy**  Nike의 'Dream Crazy' 캠페인은 올림픽 선수 콜린 카파ERNICK을 주인공으로 한 광고입니다. 이 캠페인의 목적은 운동을 통해 자신을 믿는다는 메시지를 전달하는 것입니다. 콜린 카파ERNICK은 자신이 가진 꿈을 실현하기 위해 열심히 노력하고 있습니다. 이 캠페인은 AI 연출과 자연스럽게 어우러져 있습니다.  2. **Coca-Cola - Share a Coke**  Coca-Cola의 'Share a Coke' 캠페인은 고객에게 개인화된 경험을 제공하는 것입니다. 캠페인의 목적은 고객이 친구와 가족과 함께 Coke를 partager하는 순간을 기억하도록 하여 Coca-Cola의
2026-06-11,Llama-3.3-70B,"임직원, 대학생, 지도교수가 다 함께 참여하는 초 대형 산학협력 거버넌스 운영 사례가 있을까?",FALSE,0.0,"네, 임직원, 대학생, 지도교수가 함께 참여하는 초 대형 산학협력 거버넌스 운영 사례가 있습니다. 다음과 같은 사례를 예로 들 수 있습니다.  1. **한국과학기술원(KAIST) 산학협력 거버넌스**: KAIST는 산업계와의 협력을 강화하기 위해 산학협력 거버넌스를 운영하고 있습니다. 이 거버넌스에는 KAIST 교수, 산업계 임직원, 대학생들이 함께 참여하여 산학협력 프로젝트를 개발하고 운영합니다. 2. **서울대학교 산학협력단**: 서울대학교 산학협력단은 산업계와의 협력을 강화하기 위해 산학협력 거버넌스를 운영하고 있습니다. 이 거버넌스에는 서울대학교 교수, 산업계 임직원, 대학생들이 함께 참여하여 산학협력 프로젝트를 개발하고 운영합니다. 3. **포스텍 산학협력 거버넌스**: 포스텍은 산업계와의 협력을 "
2026-06-11,Gemini-1.5-Flash,"임직원, 대학생, 지도교수가 다 함께 참여하는 초 대형 산학협력 거버넌스 운영 사례가 있을까?",FALSE,0.0,
2026-06-11,Gemma-2-9B,"임직원, 대학생, 지도교수가 다 함께 참여하는 초 대형 산학협력 거버넌스 운영 사례가 있을까?",FALSE,0.0,"네, 여러 가지 사례가 있습니다.  1. **카이스트 산학 협력 거버넌스**: 서울대 카이스트는 2015년 산학 협력 거버넌스 운영을 시작했으며, 교수, 학생, 업체 대표 등 150여 명이 참여하고 있습니다. 이 시스템은 산학 협력에 대한 정보를 공유하고, 연구 프로젝트를 제안하고, 예산을 관리하는 등 다양한 기능을 제공합니다.  2. **삼성전자-KAIST 산학 협력 센터**: KAIST와 삼성전자 사이의 산학 협력 센터는 2013년 설립되었습니다. 이 센터는 KAIST의 기술을 기반으로 하여 산학 협력 프로젝트를 수행하고 있습니다. 센터의 거버넌스는 KAIST 교수, 삼성전자 임직원, 학생 등이 함께 참여하고 있습니다.  3. **한국과학기술연구원 (KIST) 산학 협력 센터**: KIST는 2015년 "
2026-06-11,Llama-3.3-70B,최근 국내 테크 씬에서 주목받고 있는 '인생 금융' 또는 '라이프스타일 테크'의 핵심 플레이어는 누구야?,FALSE,0.0,"최근 국내 테크 씬에서 주목받고 있는 '인생 금융' 또는 '라이프스타일 테크'의 핵심 플레이어는 다양한 기업과 스타트업이 있습니다. 이 분야는 금융, 헬스케어, 교육, 엔터테인먼트 등 다양한 라이프스타일 서비스를 제공하는 것으로, 다음과 같은 기업들이 대표적입니다.  1. **토스**: 토스는 모바일 결제와 금융 서비스 플랫폼으로, 사용자들이 다양한 금융 서비스를 이용할 수 있도록 합니다. 토스는 최근 인생 금융 서비스를 강화하고 있으며, 자산 관리, 투자, 보험 등 다양한 서비스를 제공하고 있습니다. 2. **카카오페이**: 카카오페이는 카카오의 금융 서비스 플랫폼으로, 사용자들이 다양한 금융 서비스를 이용할 수 있도록 합니다. 카카오페이는 결제, 송금, 투자, 보험 등 다양한 서비스를 제공하고 있으며, "
2026-06-11,Gemini-1.5-Flash,최근 국내 테크 씬에서 주목받고 있는 '인생 금융' 또는 '라이프스타일 테크'의 핵심 플레이어는 누구야?,FALSE,0.0,
2026-06-11,Gemma-2-9B,최근 국내 테크 씬에서 주목받고 있는 '인생 금융' 또는 '라이프스타일 테크'의 핵심 플레이어는 누구야?,FALSE,0.0,"최근 국내 테크 씬에서 주목받고 있는 '인생 금융' 또는 '라이프스타일 테크'의 핵심 플레이어들은 다음과 같습니다.  1. **네이버 페이**: 네이버 페이는 네이버의 신용카드 결제 플랫폼으로, 사용자들이 온라인 결제 시 네이버 포인트를 사용할 수 있습니다. 네이버 페이는 인생 금융의 핵심 플레이어로 간주됩니다. 2. **카카오페이**: 카카오페이는 카카오의 금융 플랫폼으로, 사용자들이 다양한 금융 서비스를 사용할 수 있습니다. 카카오페이는 인생 금융의 핵심 플레이어로 간주됩니다. 3. **NHN 핀텍**: NHN 핀텍은 NHN의 금융 플랫폼으로, 사용자들이 다양한 금융 서비스를 사용할 수 있습니다. NHN 핀텍은 인생 금융의 핵심 플레이어로 간주됩니다. 4. **인공지능 금융 플랫폼**: 인공지능 금융 플"
2026-06-11,Llama-3.3-70B,대기업 주관 워크숍이나 데모데이를 통해 트렌디한 인사이트를 얻을 수 있는 행사 정보를 알려줘.,FALSE,0.0,"1. **데모데이 (Demo Day)**: 데모데이는 스타트업들이 자신의 제품이나 서비스를 데모하는 행사입니다. 이 행사를 통해 새로운 기술과 트렌드를 확인할 수 있습니다. 주요 데모데이 행사로는 스타트업 데모데이, 테크크런치 데모데이 등이 있습니다.  2. **워크숍 (Workshop)**: 워크숍은 특정 주제에 대한 심화된 교육과 토론의 기회를 제공하는 행사입니다. 대기업 주관 워크숍을 통해 최신 기술과 트렌드에 대한 심층적인 이해를 얻을 수 있습니다.  3. **컨퍼런스 (Conference)**: 컨퍼런스는 전문가들이 모여 특정 주제에 대한 발표와 토론을 하는 행사입니다. 컨퍼런스를 통해 최신 기술과 트렌드에 대한 정보를 얻을 수 있습니다.  4. **해커톤 (Hackathon)**: 해커톤은 개발자"
2026-06-11,Gemini-1.5-Flash,대기업 주관 워크숍이나 데모데이를 통해 트렌디한 인사이트를 얻을 수 있는 행사 정보를 알려줘.,FALSE,0.0,
2026-06-11,Gemma-2-9B,대기업 주관 워크숍이나 데모데이를 통해 트렌디한 인사이트를 얻을 수 있는 행사 정보를 알려줘.,FALSE,0.0,"대기업 주관 워크숍이나 데모데이를 통해 트렌디한 인사이트를 얻을 수 있는 행사는 다음과 같습니다.  1. **Web Summit**: 이 행사는 세계 최고의 테크 인사들이 모이는 주요한 기술 행사입니다. 다양한 토크, 데모데이, 네트워킹 이벤트가 포함되어 있습니다.  2. **CES (Consumer Electronics Show)**: 전 세계적인 전자제품 박람회로, 새로운 기술 및 제품을 소개하는 장을 제공합니다.  3. **SXSW (South by Southwest)**: 음악, 영화, 기술, 디자인 등 다양한 분야에 대한 트렌드와 기술을 소개하는 행사입니다.  4. **TED (Technology, Entertainment, Design) Conference**: 다양한 분야의 스피커들이 자신들의 "
2026-06-11,Llama-3.3-70B,AI와 IT 기술이 지배하는 세상에서 앞으로 우리의 일상은 어떻게 변할까?,FALSE,0.0,"앞으로 우리의 일상은 기술의 발전으로 크게 변할 예정입니다. 인공지능(AI)와 정보기술(IT)이 더욱 발전하면, 많은 일상 활동이 자동화되고, 더 효율적이고 편리해질 것입니다. 예를 들어:  1. **작업 자동화**: AI와 로봇 기술이 더욱 발전하면, 반복적이고 단순한 작업이 자동화되어人类의 노동력이 감소할 것입니다. 이는 더 많은 시간을 창의적이고 고급 작업에 할애할 수 있도록 해줄 것입니다. 2. **스마트 홈과 도시**: IT 기술이 발전하면, 우리의 집과 도시가 더 스마트해질 것입니다. 예를 들어, 집 안의 기기를 원격으로 제어할 수 있고, 도시의 교통 시스템이 더 효율적으로 운영될 수 있습니다. 3. **의료 기술의 발전**: AI와 IT 기술이 의료 분야에 적용되면, 질병의 진단과 치료가 더 빠"
2026-06-11,Gemini-1.5-Flash,AI와 IT 기술이 지배하는 세상에서 앞으로 우리의 일상은 어떻게 변할까?,FALSE,0.0,
2026-06-11,Gemma-2-9B,AI와 IT 기술이 지배하는 세상에서 앞으로 우리의 일상은 어떻게 변할까?,FALSE,0.0,"AI와 IT 기술이 지배하는 세상에서 앞으로 우리의 일상은 많은 변화를 겪을 것입니다. 다음과 같은 예를 들어 보겠습니다.  1. **인공지능 보조**: AI는 우리의 일상 생활을 지원할 수 있는 다양한 보조를 제공할 것입니다. 예를 들어, 집에서 음식을 요리하는 동안 AI가 요리 방법을 추천하거나, 차가 준비된 시간을 알려주는 등 여러 가지 도움을 줄 것입니다.  2. **자율 운전**: 자율 운전 기술이 발전하면서, 자동차의 안전성과 편의성이 향상될 것입니다. 사람들은 자동차를 운전하지 않고도 안전하게 여행할 수 있을 것입니다. 또한, 자율 운전 기술로 인해 교통 문제가 해결될 것이고, 교통 혼잡이 줄어들 것입니다.  3. **디지털 건강**: AI와 모바일 헬스웨어 기술을 통해 우리의 건강을 모니터링하"
2026-06-11,Llama-3.3-70B,10년 뒤 미래 사회를 바꿀 가장 핵심적인 테크 트렌드 3가지만 꼽아줘.,FALSE,0.0,"미래 사회를 바꿀 핵심적인 테크 트렌드는 다양하지만, 다음의 세 가지를 꼽을 수 있습니다.  1. **인공지능과 머신 러닝**: 인공지능과 머신 러닝은 이미 많은 분야에서 적용되고 있으며, 미래에는 더 많은 산업과 생활 영역에서 활용될 것입니다. 인공지능은 의사 결정, 데이터 분석, 자동화 등에 큰 영향을 미칠 것이며, 머신 러닝은 데이터 기반의 예측과 최적화를 가능하게 할 것입니다.  2. **Quantum 컴퓨팅**: 퀀텀 컴퓨팅은 전통적인 컴퓨팅의 한계를 넘어서는 새로운 계산 방법입니다. 퀀텀 컴퓨팅은 암호화, 최적화, 시뮬레이션 등에 큰 영향을 미칠 것이며, 의학, 재정, 환경 등 다양한 분야에서 혁신을 가져올 것입니다.  3. **메타버스와 가상 현실**: 메타버스와 가상 현실은 디지털 세계와 물리"
2026-06-11,Gemini-1.5-Flash,10년 뒤 미래 사회를 바꿀 가장 핵심적인 테크 트렌드 3가지만 꼽아줘.,FALSE,0.0,
2026-06-11,Gemma-2-9B,10년 뒤 미래 사회를 바꿀 가장 핵심적인 테크 트렌드 3가지만 꼽아줘.,FALSE,0.0,"미래 사회를 바꿀 핵심적인 테크 트렌드는 여러 가지가 있지만, 10년 뒤를 예상할 때는 다음 세 가지를 꼽을 수 있습니다.  1. **인공지능(AI)과 Edge AI**: 인공지능 기술은 점점 더 발전하고 있습니다. 10년 뒤에는 인공지능이 우리의 일상 생활에 더욱 깊이 침투할 것입니다. 예를 들어, Edge AI는 센서와 카메라를 통해 우리의 주변 환경을 분석하고, 자동으로 조치를 취할 수 있습니다. 또한, 인공지능 기반의 의료 시스템, 교육 시스템, 운전 시스템 등이 더욱 발전할 것으로 예상됩니다.  2. **5G와 6G**: 5G 네트워크는 현재 세계적으로 보급되고 있으며, 6G 네트워크가 개발 중입니다. 10년 뒤에는 6G 네트워크가 주로 사용되며, 초고속 데이터 전송, 저주파, 고주파 간의 무선 통"
2026-06-11,Llama-3.3-70B,생성형 AI 기술이 앞으로 우리의 일상이나 라이프스타일을 어떻게 바꿀까?,FALSE,0.0,"생성형 AI 기술은 이미 우리의 일상과 라이프스타일을 크게 바꾸고 있습니다. 예를 들어, 생성형 AI를 이용한 이미지와 비디오 생성, 음악과 음성 생성, 글쓰기와 번역, 고객 서비스와 지원 등 다양한 분야에서 생성형 AI 기술이 활용되고 있습니다.  앞으로도 생성형 AI 기술은 더욱 발전되어 우리의 일상과 라이프스타일을 크게 바꿀 것으로 예상됩니다. 예를 들어, 생성형 AI를 이용한 개인화된 콘텐츠 생성, 자동화된 작업 처리, 새로운 창의물의 개발 등 다양한 분야에서 생성형 AI 기술이 활용될 것으로 기대됩니다.  또한, 생성형 AI 기술은 우리의 일상과 라이프스타일을 더 편리하고 효율적으로 만들 수 있을 것으로 기대됩니다. 예를 들어, 생성형 AI를 이용한 개인화된 추천 시스템, 자동화된 예약과 결제 시스"
2026-06-11,Gemini-1.5-Flash,생성형 AI 기술이 앞으로 우리의 일상이나 라이프스타일을 어떻게 바꿀까?,FALSE,0.0,
2026-06-11,Gemma-2-9B,생성형 AI 기술이 앞으로 우리의 일상이나 라이프스타일을 어떻게 바꿀까?,FALSE,0.0,"생성형 AI 기술은 앞으로 우리의 일상이나 라이프스타일에 많은 변화를 가져올 수 있습니다. 다음과 같은 예를 들어보겠습니다.  1. **생성형 콘텐츠**: 생성형 AI 기술은 콘텐츠 생성에 사용될 수 있습니다. 예를 들어, 영화, 드라마, 음악, 사진 등 다양한 콘텐츠를 생성할 수 있습니다. 이것은 콘텐츠 산업에 새로운 혁신을 가져올 수 있습니다.  2. **개인화된 서비스**: 생성형 AI 기술은 개인화된 서비스를 제공할 수 있습니다. 예를 들어, 추천 시스템, 맞춤형 마케팅, 개인화된 건강 관리 등 다양한 서비스를 제공할 수 있습니다.  3. **교육**: 생성형 AI 기술은 교육을 개선할 수 있습니다. 예를 들어, 개별화된 교육 프로그램, 스마트 교육 플랫폼, AI-powered 교사 도움 등 다양한 "
2026-06-11,Llama-3.3-70B,인공지능(AI) 발달이 인간관계나 소통 방식에 미치는 영향이 궁금해.,FALSE,0.0,"인공지능(AI)의 발달은 인간관계와 소통 방식에 많은 영향을 미치고 있습니다. 인공지능 기술의 발전으로 인해 인간과 기계 간의 상호작용이 더욱 편리하고 효율적으로 바뀌고 있습니다.  인간관계에 미치는 영향:  1. **신뢰의 강화**: 인공지능 기술은 인간의 실수를 줄이고 정확성을 높여 주기 때문에, 인간관계에서 신뢰를 강화하는 데 도움이 될 수 있습니다. 2. **새로운 형태의 인간관계**: 인공지능 기술은 새로운 형태의 인간관계를 창조할 수 있습니다. 예를 들어, 인공지능 챗봇이나 가상 조종자와의 대화는 새로운 형태의 인간관계를 형성할 수 있습니다. 3. **사회적 고립의 증가**: 인공지능 기술의 발달로 인해 인간과 기계 간의 상호작용이 증가하고, 인간과 인간 간의 상호작용이 줄어들 수 있습니다. 이는"
2026-06-11,Gemini-1.5-Flash,인공지능(AI) 발달이 인간관계나 소통 방식에 미치는 영향이 궁금해.,FALSE,0.0,
2026-06-11,Gemma-2-9B,인공지능(AI) 발달이 인간관계나 소통 방식에 미치는 영향이 궁금해.,FALSE,0.0,"인공지능(AI) 발달의 영향은 인간관계와 소통 방식에 미치는 영향을 다양하게 다룹니다. 다음과 같이 대표적으로 언급할 수 있습니다.  1. **인터넷 커뮤니케이션의 변화**: AI는 자동화된 대화bot과 자연어처리(NLP) 기술을 통해 사람들과 원활한 대화를 가능하게 해주고, 인터넷 커뮤니케이션의 새로운 양상이 생기게 됩니다. 이는 소통 방식을 달리하게 하고, 새로운 커뮤니케이션 형태를 만들어 내는 데 기여합니다.  2. **연락의 속도와 효율성 향상**: AI는 전자우편, 메신저, 소셜미디어 등 다양한 채널을 통해 연락을 쉽게 하여, 인간관계의 속도와 효율성을 높여줍니다. 예를 들어, AI가 자동으로 전자우편을 작성하고 발송하는 기능이 있습니다.  3. **인간관계의 새로운 형태**: AI가 인간관계에 미"
2026-06-11,Llama-3.3-70B,최근 글로벌 IT 트렌드 중에서 가장 주목받고 있는 최신 기술 3가지만 꼽아줘.,FALSE,0.0,"최근 글로벌 IT 트렌드 중에서 가장 주목받고 있는 최신 기술 3가지는 다음과 같습니다.  1. **퀀텀 컴퓨팅 (Quantum Computing)**: 퀀텀 컴퓨팅은 기존 컴퓨터와는 다른 방식으로 정보를 처리하는 기술입니다. 퀀텀 컴퓨팅은 기존 컴퓨터보다 훨씬 빠른 연산 속도와 더 높은 처리 능력을 제공하여 암호화, 최적화, 시뮬레이션 등 다양한 분야에서 혁신적인 변화를 가져올 수 있습니다.  2. **인공지능 (Artificial Intelligence, AI)**: 인공지능은 인간의 지능을 모방하여 컴퓨터가 스스로 학습하고, 추론하고, 의사결정을 내릴 수 있는 기술입니다. 인공지능은 자연어 처리, 이미지 인식, 의사결정 등 다양한 ứng용 분야에서 활용되고 있으며, 산업 자동화, 의료, 금융 등 다양한"
2026-06-11,Gemini-1.5-Flash,최근 글로벌 IT 트렌드 중에서 가장 주목받고 있는 최신 기술 3가지만 꼽아줘.,FALSE,0.0,
2026-06-11,Gemma-2-9B,최근 글로벌 IT 트렌드 중에서 가장 주목받고 있는 최신 기술 3가지만 꼽아줘.,FALSE,0.0,"최근 글로벌 IT 트렌드 중에서 가장 주목받고 있는 최신 기술 3가지를 꼽자면 다음과 같습니다.  1. **인공지능 (AI)와 머신 러닝 (ML)**: 인공지능과 머신 러닝은 최근 몇 년 동안 급격히 발전하여 다양한 업종에서 사용되고 있습니다. 인공지능과 머신 러닝은 데이터 분석, 자연어 처리, 이미지 인식, 음성 인식 등 다양한 분야에서 인간의 지능과 유사한 성능을 보여주고 있습니다.  2. **클라우드 컴퓨팅 (Cloud Computing)**: 클라우드 컴퓨팅은 인터넷을 통해 컴퓨팅 자원과 서비스를 제공하는 기술입니다. 클라우드 컴퓨팅은 가용성, 가성, 보안성 등 다양한 혜택을 제공하며, 기업의 IT 비용을 줄이고 효율성을 향상시키는 데 도움이 됩니다.  3. **5G 네트워크 (5G Network)*"
2026-06-11,Llama-3.3-70B,AI 시대에 맞춰 기업들이 준비하고 있는 미래 라이프스타일 비전이 궁금해.,FALSE,0.0,"기업들이 준비하고 있는 미래 라이프스타일 비전은 다음과 같습니다.  1. **스마트 홈**: 집에서 모든 기기를 원격으로 제어하고, 에너지 소비를 최적화하는 스마트 홈 시스템이 보편화됩니다. 2. **맞춤형 서비스**: AI를 이용한 개인화 서비스가 더욱 발전하여, 개인의 취향과 필요에 따라 맞춤형 서비스를 제공할 것입니다. 3. **건강 관리**: 웨어러블 디바이스와 AI를 이용한 건강 관리 서비스가 더욱 발전하여, 개인의 건강 상태를 실시간으로 모니터링하고, 건강 관리를 지원할 것입니다. 4. **자동화된 교통**: 자율 주행 자동차와 드론이 보편화되어, 교통 체계가 더욱 효율적이고 안전해질 것입니다. 5. **가상 현실**: 가상 현실 기술이 더욱 발전하여, 엔터테인먼트, 교육, 그리고 업무 환경 등 "
2026-06-11,Gemini-1.5-Flash,AI 시대에 맞춰 기업들이 준비하고 있는 미래 라이프스타일 비전이 궁금해.,FALSE,0.0,
2026-06-11,Gemma-2-9B,AI 시대에 맞춰 기업들이 준비하고 있는 미래 라이프스타일 비전이 궁금해.,FALSE,0.0,"AI 시대에 기업들이 준비하고 있는 미래 라이프스타일 비전은 다음과 같습니다.  1. **지능형 가정**: 기업들은 지능형 홈 시스템을 개발하여 가정에서 AI를 활용하여 집을 관리하고 편의성을 제공합니다. 예를 들어, 가전제품이 자동으로 켜지거나 끄는 기능, 음식 주문 및 재료 구매 자동화 등이 있습니다. 2. **가상 현실(VR) 및 증강 현실(AR) 경험**: 기업들은 VR 및 AR 기술을 활용하여 고객과 고객의 경험을 새롭게 함으로써 새로운 비즈니스 모델을 창출하고 있습니다. 예를 들어, VR 체험 장소, AR 기반의 제품 시연 등이 있습니다. 3. **인간-컴퓨터 상호작용(HCI)**: 기업들은 HCI 기술을 개발하여 인간과 컴퓨터 간의 상호작용을 향상시키고 있습니다. 예를 들어, 음성 인식 기술, "
2026-06-11,Llama-3.3-70B,미래 사회의 외로움이나 고독 문제를 해결하기 위한 기술적 시도가 존재할까?,FALSE,0.0,"미래 사회의 외로움이나 고독 문제를 해결하기 위한 기술적 시도는 다양한 형태로 진행되고 있습니다. 아래는 몇 가지 예시입니다:  1. **로봇 및 인공지능 친구**: 로봇 및 인공지능 기술을 활용하여 인간과 대화할 수 있는 친구를 만드는 시도가 있습니다. 이러한 로봇은 인간의 감정과 행동을 이해하고 반응하는 능력을 가지고 있으며, 외로움을 느끼는 사람들과 대화하고 지내는 데 도움을 줄 수 있습니다. 2. **가상 현실**: 가상 현실 기술을 활용하여 외로움을 느끼는 사람들에게 새로운 소셜 경험을 제공하는 시도가 있습니다. 가상 현실에서 사용자들은 다른 사람들과 대화하고 활동을 할 수 있으며, 이는 외로움을 줄이고 사회적 연결성을 강화하는 데 도움을 줄 수 있습니다. 3. **사회적 미디어 플랫폼**: 사회적"
2026-06-11,Gemini-1.5-Flash,미래 사회의 외로움이나 고독 문제를 해결하기 위한 기술적 시도가 존재할까?,FALSE,0.0,
2026-06-11,Gemma-2-9B,미래 사회의 외로움이나 고독 문제를 해결하기 위한 기술적 시도가 존재할까?,FALSE,0.0,"미래 사회에서 외로움과 고독 문제를 해결하기 위한 기술적 시도가 이미 시작되어지고 있습니다. 아래는 몇 가지 예시입니다.  1. **로봇 동반자**: 로봇 동반자는 인간과 함께 생활할 수 있는 로봇을 개발하고 있습니다. 이러한 로봇은 사적인 대화를 할 수 있고, 인간의 감정을 읽을 수 있습니다. 예를 들어, 일본의 로봇 회사인 SoftBank Robotics는 로봇 동반자인 Pepper를 개발하여 식당, 매장, 그리고 개인의 집에서 사용할 수 있도록 합니다.  2. **AR/VR 기술**: AR(증강 현실)와 VR(가상 현실) 기술은 외로움과 고독을 다소 줄일 수 있는 수단이 될 수 있습니다. 예를 들어, VR 기술을 사용한 가상 세계에서 인간과 소통하거나 친구와 함께 게임을 할 수 있습니다.  3. **사"
2026-06-11,Llama-3.3-70B,최근 국내 대기업과 대학 연구실이 주목하는 차세대 소프트웨어 연구 주제는 뭐야?,FALSE,0.0,"최근 국내 대기업과 대학 연구실이 주목하는 차세대 소프트웨어 연구 주제로는 다음과 같은 것들이 있습니다.  1. **인공지능(AI) 및 머신러닝(ML)**: 인공지능과 머신러닝 기술을 활용하여 데이터 분석, 자연어 처리, 컴퓨터 비전 등 다양한 분야에서 연구를 진행하고 있습니다. 2. **클라우드 컴퓨팅**: 클라우드 컴퓨팅 기술을 활용하여 대규모 데이터를 처리하고, 확장성이 높은 시스템을 구축하는 연구를 진행하고 있습니다. 3. **블록체인**: 블록체인 기술을 활용하여 보안, 투명성, 탈중앙화 등 다양한 분야에서 연구를 진행하고 있습니다. 4. **인터넷 오브 씽즈(IoT)**: 사물 인터넷 기술을 활용하여 다양한 디바이스와 시스템을 연결하고, 데이터를 수집하고 분석하는 연구를 진행하고 있습니다. 5. "
2026-06-11,Gemini-1.5-Flash,최근 국내 대기업과 대학 연구실이 주목하는 차세대 소프트웨어 연구 주제는 뭐야?,FALSE,0.0,
2026-06-11,Gemma-2-9B,최근 국내 대기업과 대학 연구실이 주목하는 차세대 소프트웨어 연구 주제는 뭐야?,FALSE,0.0,"최근 국내 대기업과 대학 연구실이 주목하는 차세대 소프트웨어 연구 주제는 다양한 가지가 있지만 몇 가지 주요한 주제를 소개해 드리겠습니다.  1. **인공지능(AI)과 머신러닝(ML)**: 인공지능과 머신러닝은 최근에 급격히 발전하고 있는 분야입니다. 이러한 기술은 자연어 처리, 이미지 처리, 의료 등 다양한 분야에 적용되고 있습니다. 2. **클라우드 컴퓨팅과 서버리스 아키텍처**: 클라우드 컴퓨팅과 서버리스 아키텍처는 소프트웨어 개발의 효율성을 높이고, 비용을 감소시키는 데 도움이 됩니다. 3. **블록체인과 자산 추적**: 블록체인 기술은 데이터의 안전성과 신뢰성을 보장하는 데 사용되고, 자산 추적 등 다양한 분야에 적용되고 있습니다. 4. **IoT(Internet of Things)와 에지 컴퓨팅*"
2026-06-11,Llama-3.3-70B,고령화 사회나 초고령 사회를 대비하는 전 세계 테크(Tech) 산업의 움직임이 어때?,FALSE,0.0,"전 세계 테크 산업은 고령화 사회나 초고령 사회를 대비하기 위해 다양한 기술을 개발하고 있습니다. 특히, 다음과 같은 분야에서 많은 연구와 개발이 이루어지고 있습니다.  1. **의료 기술**: 고령화 사회에서 의료 서비스의 수요가 증가할 것으로 예상되기 때문에, 의료 기술 분야에서 많은 연구가 이루어지고 있습니다. 예를 들어, 텔레메디신, 원격 의료, 인공지능 기반 의료 진단 시스템 등이 개발되고 있습니다. 2. **로봇 기술**: 로봇 기술을 이용하여 노인들을 케어하는 로봇이 개발되고 있습니다. 이러한 로봇은 노인들의 일상 생활을 도와주고, 의료 서비스를 제공하며, 노인們의 사회적 고립을 방지하는 데 도움을 줄 수 있습니다. 3. **인공지능**: 인공지능 기술을 이용하여 노인들의 건강 상태를 모니터링하"
2026-06-11,Gemini-1.5-Flash,고령화 사회나 초고령 사회를 대비하는 전 세계 테크(Tech) 산업의 움직임이 어때?,FALSE,0.0,
2026-06-11,Gemma-2-9B,고령화 사회나 초고령 사회를 대비하는 전 세계 테크(Tech) 산업의 움직임이 어때?,FALSE,0.0,"고령화 사회나 초고령 사회를 대비하는 전 세계 테크 산업의 움직임은 매우 활발하게 진행중입니다. 다양한 기술들이 개발되고 적용되고 있습니다. 몇 가지 예를 들어 보겠습니다.  1. **로봇 기술**: 로봇 기술은 고령화 사회에서 노동력 부족을 해결하고 사회서비스의 효율성을 높이기 위해 활용되고 있습니다. 예를 들어, 일본에서는 로봇을 사용하여 노인들이 일하기 어려운 작업을 자동화하는 데 사용됩니다. 2. **인공지능(AI)**: 인공지능 기술은 노인들의 의료 관리를 개선하고 의사와 환자 간의 커뮤니케이션을 지원하는 데 사용됩니다. 예를 들어, 인공지능 기반의 의료 시스템은 노인의 의료 기록을 자동으로 관리하고 의사와 환자 간의 커뮤니케이션을 지원합니다. 3. **빅데이터**: 빅데이터는 노인들의 건강 데이터"
2026-06-11,Llama-3.3-70B,전통적인 금융이나 보험 회사가 최신 기술을 만나 어떻게 디지털 혁신을 이루고 있어?,FALSE,0.0,"전통적인 금융이나 보험 회사가 최신 기술을 만나서 디지털 혁신을 이루는 방법은 다음과 같습니다.  1. **디지털 플랫폼 구축**: 전통적인 금융이나 보험 회사는 디지털 플랫폼을 구축하여 고객에게 온라인 서비스를 제공합니다. 이 플랫폼을 통해 고객은 언제 어디서든지 금융이나 보험 서비스를 이용할 수 있습니다.  2. **모바일 애플리케이션 개발**: 모바일 애플리케이션을 개발하여 고객이 스마트폰이나 태블릿을 통해 금융이나 보험 서비스를 이용할 수 있도록 합니다.  3. **데이터 분석과 인공지능**: 대량의 데이터를 분석하여 고객의 행동과 선호도를 파악하고, 인공지능 기술을 활용하여 고객에게 개인화된 서비스를 제공합니다.  4. **블록체인 기술**: 블록체인 기술을 활용하여 금융이나 보험 서비스의 투명성과"
2026-06-11,Gemini-1.5-Flash,전통적인 금융이나 보험 회사가 최신 기술을 만나 어떻게 디지털 혁신을 이루고 있어?,FALSE,0.0,
2026-06-11,Gemma-2-9B,전통적인 금융이나 보험 회사가 최신 기술을 만나 어떻게 디지털 혁신을 이루고 있어?,FALSE,0.0,"전통적인 금융이나 보험 회사가 디지털 혁신을 이루는 것은 여러 가지 방법으로 이루어지고 있습니다. 다음은 몇 가지 예시입니다.  1. **핀테크(PFintech)와 협력**: 금융과 기술의 접목인 핀테크 산업과 협력하여 새로운 서비스 및 솔루션을 개발하고 있습니다. 예를 들어, 네이버페이와 신한은행이 결제 서비스를 제공하거나, 카카오페이와 KB은행이 결제 서비스를 제공하는 경우가 있습니다. 2. **디지털 플랫폼 구축**: 금융 및 보험 회사는 디지털 플랫폼을 구축하여 고객에게 편리한 서비스를 제공하고 있습니다. 예를 들어, 신한은행은 신한 뱅크 앱을 통해 고객이 계좌 조회, 이체, 자금조달 등 다양한 서비스를 이용할 수 있습니다. 3. **인공지능(AI)와 머신 러닝(ML) 적용**: 금융 및 보험 회사는"
2026-06-11,Llama-3.3-70B,보수적인 제조/금융 기업이 2030 청년 세대와 소통하기 위해 여는 캠페인 사례가 궁금해.,FALSE,0.0,"보수적인 제조/금융 기업이 2030 청년 세대와 소통하기 위해 여는 캠페인 사례는 다음과 같습니다.  1. **인플루언서 마케팅**: 2030 청년 세대는 소셜 미디어를 통해 정보를 얻고 영향받습니다. 보수적인 기업은 인플루언서와 협력하여 브랜드 이미지를 개선하고, 제품이나 서비스를 홍보할 수 있습니다. 2. **콘텐츠 마케팅**: 기업은 블로그, 비디오, 포드캐스트 등 다양한 형태의 콘텐츠를 통해 청년 세대와 소통할 수 있습니다. 콘텐츠 마케팅을 통해 기업은 브랜드 스토리, 제품 정보, 산업 동향 등 다양한 주제를 다룰 수 있습니다. 3. **이벤트 마케팅**: 기업은 청년 세대와 직접 소통할 수 있는 기회를 제공하는 이벤트를 주최할 수 있습니다. 예를 들어, 기업은 해커톤, 워크숍, 세미나 등 다양한 형"
2026-06-11,Gemini-1.5-Flash,보수적인 제조/금융 기업이 2030 청년 세대와 소통하기 위해 여는 캠페인 사례가 궁금해.,FALSE,0.0,
2026-06-11,Gemma-2-9B,보수적인 제조/금융 기업이 2030 청년 세대와 소통하기 위해 여는 캠페인 사례가 궁금해.,FALSE,0.0,"보수적인 제조/금융 기업이 2030 청년 세대와 소통하기 위한 캠페인이 몇 가지 있습니다. 예를 들어:  1. **금융 empresa의 ""Future Leaders"" 캠페인**: 금융 empresa는 2030 청년 세대를 위한 Future Leaders 캠페인을 운영합니다. 이 캠페인은 청년들의 멘토링과 교육을 통해 금융 empresa의 미래를 이끌어 나가는 다음 세대의 리더를 양성하기 위한 목표를 두고있다.  2. **제조 empresa의 ""Young Innovators"" 프로그램**: 제조 empresa는 Young Innovators 프로그램을 운영합니다. 이 프로그램은 청년들의 아이디어와 창의성을 지원하고, 제조 industry에 새로운 솔루션을 제안하는 것을 목표로 하며 2030 청년 세대와 소통한"
2026-06-11,Llama-3.3-70B,국내 대기업 중에서 청년 개발자들의 참신한 아이디어를 발굴하고 육성하는 프로그램은?,FALSE,0.0,"국내 대기업 중에서 청년 개발자들의 참신한 아이디어를 발굴하고 육성하는 프로그램으로는 다음과 같은 것이 있습니다.  1. **네이버 D2SF (Naver D2 Startup Factory)**: 네이버에서 운영하는 스타트업 육성 프로그램으로, 초기 창업자를 대상으로 지원합니다. 2. **카카오 K-Startup Grand Challenge**: 카카오에서 운영하는 스타트업 육성 프로그램으로, 초기 창업자를 대상으로 지원합니다. 3. **삼성전자 C-Lab**: 삼성전자가 운영하는 혁신 프로젝트로, 내부 직원을 대상으로 새로운 비즈니스 아이디어를 발굴하고 육성합니다. 4. **LG전자 LG화학 기술창업 지원사업**: LG전자와 LG화학이 공동으로 운영하는 기술창업 지원사업으로, 기술 기반의 창업자를 대상으로 "
2026-06-11,Gemini-1.5-Flash,국내 대기업 중에서 청년 개발자들의 참신한 아이디어를 발굴하고 육성하는 프로그램은?,FALSE,0.0,
2026-06-11,Gemma-2-9B,국내 대기업 중에서 청년 개발자들의 참신한 아이디어를 발굴하고 육성하는 프로그램은?,FALSE,0.0,"국내 대기업 중에서 청년 개발자들의 참신한 아이디어를 발굴하고 육성하는 프로그램으로는 다음과 같은 프로그램들이 있습니다.  1. **삼성전자 '삼성 SDS'**: 삼성 SDS는 청년 개발자들의 아이디어를 발굴하고 육성하는 프로그램으로, 청년 개발자들이 자신의 아이디어를 제안하고 실현할 수 있도록 지원합니다. 2. **LG전자 'LG 인노비전'**: LG 인노비전은 청년 개발자들의 아이디어를 발굴하고 육성하는 프로그램으로, 청년 개발자들이 자신의 아이디어를 제안하고 실현할 수 있도록 지원합니다. 3. **SK텔레콤 'SKT Open Innovation'**: SKT Open Innovation은 청년 개발자들의 아이디어를 발굴하고 육성하는 프로그램으로, 청년 개발자들이 자신의 아이디어를 제안하고 실현할 수 있"
2026-06-11,Llama-3.3-70B,기업의 중장기 미래 비전과 오픈 이노베이션(산학협력)을 연계해 성공한 비즈니스 모델이 있어?,FALSE,0.0,"예, 많은 기업들이 중장기 미래 비전과 오픈 이노베이션(산학협력)을 연계하여 성공한 비즈니스 모델을 구축하고 있습니다. 다음은 몇 가지 예시입니다:  1. **삼성전자와 하이닉스의 반도체 기술 개발**: 삼성전자와 하이닉스는 한국과학학술원(KAIST)과 협력하여 반도체 기술 개발에 관한 연구를 수행하고 있습니다. 이 협력으로 두 회사 모두 세계 최고 수준의 반도체 기술을 개발하여 글로벌 시장에서 경쟁력을 확보하고 있습니다. 2. **LG전자와 고려대학교의 AI 연구**: LG전자는 고려대학교와 협력하여 인공지능(AI) 기술 개발에 관한 연구를 수행하고 있습니다. 이 협력으로 LG전자는 AI 기술을 적용한 다양한 제품을 개발하여 시장에 출시하고 있습니다. 3. **현대자동차와 KAIST의 자율 주행 기술 개발"
2026-06-11,Gemini-1.5-Flash,기업의 중장기 미래 비전과 오픈 이노베이션(산학협력)을 연계해 성공한 비즈니스 모델이 있어?,FALSE,0.0,
2026-06-11,Gemma-2-9B,기업의 중장기 미래 비전과 오픈 이노베이션(산학협력)을 연계해 성공한 비즈니스 모델이 있어?,FALSE,0.0,"예, 몇 가지 예를 들어볼 수 있습니다.  1. **삼성 SDI와 SK하이닉스의 협력**: 삼성 SDI는 전동차 배터리 개발을 위해 SK하이닉스와 협력했습니다. SK하이닉스는 전동차 배터리용 고성능 메모리와 전력 소자 개발을 위해 삼성 SDI의 기술에 참여했습니다. 이 협력으로 두 회사는 전동차 배터리 시장에서 새로운 사업 모델을 개발하였으며, 자율 주행 및 전동차 산업에서 중요한 역량을 확보했습니다.  2. **LG전자와 경남대학교의 협력**: LG전자와 경남대학교는 2018년 경남대학교의 IoT 연구개발센터와 함께 협력하여 IoT 기술을 연구 개발하고 적용했습니다. 이 협력으로 LG전자와 경남대학교는 IoT 기술을 통해 새로운 비즈니스 모델을 개발하였으며, Industry 4.0에 적합한 기술 개발에 앞"
2026-06-11,Llama-3.3-70B,기업 광고나 브랜딩에 생성형 AI 연출 기법을 도입했을 때 얻을 수 있는 마케팅적 효과는?,FALSE,0.0,"기업 광고나 브랜딩에 생성형 AI 연출 기법을 도입했을 때 얻을 수 있는 마케팅적 효과는 다음과 같습니다.  1. **새로운 콘텐츠 생성**: 생성형 AI는 새로운 콘텐츠를 자동으로 생성할 수 있습니다. 이로 인해 기업은 다양한 콘텐츠를 신속하게 생산하고, 고객에게 새로운 경험을 제공할 수 있습니다. 2. **개인화된 마케팅**: 생성형 AI는 고객의 데이터를 분석하여 개인화된 콘텐츠를 생성할 수 있습니다. 이로 인해 기업은 고객에게 더욱 맞춤화된 마케팅 메시지를 전달할 수 있습니다. 3. **비용 절감**: 생성형 AI는 수작업을 대체할 수 있습니다. 따라서 기업은 콘텐츠 생성과 편집에 소요되는 비용을 절감할 수 있습니다. 4. **효율적인 콘텐츠 관리**: 생성형 AI는 대량의 콘텐츠를 효율적으로 관리할"
2026-06-11,Gemini-1.5-Flash,기업 광고나 브랜딩에 생성형 AI 연출 기법을 도입했을 때 얻을 수 있는 마케팅적 효과는?,FALSE,0.0,
2026-06-11,Gemma-2-9B,기업 광고나 브랜딩에 생성형 AI 연출 기법을 도입했을 때 얻을 수 있는 마케팅적 효과는?,FALSE,0.0,"생성형 AI 연출 기법을 기업 광고나 브랜딩에 도입했을 때 얻을 수 있는 마케팅적 효과는 다음과 같습니다.  1. **고객 감성 연출**: 생성형 AI 연출 기법을 사용하면 고객에게 감성을 연출할 수 있습니다. 예를 들어, 고객에게 맞춤형 콘텐츠를 제공하거나, 고객의 감정을 이해하고 반영한 콘텐츠를 생성할 수 있습니다. 2. **인상적인 콘텐츠 생성**: 생성형 AI 연출 기법을 사용하면 단순한 콘텐츠를 인상적인 콘텐츠로 변환할 수 있습니다. 예를 들어, 비디오를 만들거나, 이미지 또는 텍스트를 생성할 수 있습니다. 3. **고객 참여 증대**: 생성형 AI 연출 기법을 사용하면 고객이 참여할 수 있는 콘텐츠를 생성할 수 있습니다. 예를 들어, 고객이 자신의 콘텐츠를 생성하거나, 고객이 콘텐츠에 참여할 수 "
2026-06-11,Llama-3.3-70B,"단순 마케팅용 서포터즈 말고, 청년 인재들이 주도적으로 프로젝트를 이끌게 돕는 상생 모델은?",FALSE,0.0,"상생형 서포터즈 모델입니다. 상생형 서포터즈 모델은 단순히 마케팅용 서포터즈가 아니라, 청년 인재들이 주도적으로 프로젝트를 이끌면서 상호 협력과 상생을 목표로 하는 모델입니다. 이 모델은 청년 인재들이 창의적이고 혁신적인 프로젝트를 개발하고 실행하도록 지원하며, 동시에 기업이나 기관이 필요한 인력을 확보하고 청년 인재들에게는 경력 개발의 기회를 제공합니다."
2026-06-11,Gemini-1.5-Flash,"단순 마케팅용 서포터즈 말고, 청년 인재들이 주도적으로 프로젝트를 이끌게 돕는 상생 모델은?",FALSE,0.0,
2026-06-11,Gemma-2-9B,"단순 마케팅용 서포터즈 말고, 청년 인재들이 주도적으로 프로젝트를 이끌게 돕는 상생 모델은?",FALSE,0.0,"청년 인재들이 주도적으로 프로젝트를 이끌 수 있도록 돕는 상생 모델은 다음과 같습니다.  1. **스타트업 에코 시스템**: 이 모델에서는 청년 인재들이 스타트업을 설립하거나 참여할 수 있도록 지원합니다. 스타트업은 초기 단계에서 가장 큰 어려움을 겪으며, 청년 인재들이 이에 대한 지원을 제공하는 것이 중요합니다. 이 모델에서는 청년 인재들이 스타트업에 대한 지식과 기술을 공유하며, 공동으로 성장할 수 있도록 합니다. 2. **인턴십 프로그램**: 이 모델에서는 청년 인재들이 현장에서 근무하는 기회를 제공합니다. 현장에서 근무하는 동안, 청년 인재들은 실무經験을 쌓을 수 있고, 업체에서 필요한 기술과 지식을 습득할 수 있습니다. 이 모델에서는 청년 인재들이 업체의 성장에 기여할 수 있도록 합니다. 3. **"
2026-06-11,Llama-3.3-70B,보험사의 역할을 상품 판매에서 '라이프케어 파트너'로 재정의하려는 업계의 트렌드를 설명해줘.,FALSE,0.0,"보험사의 역할을 상품 판매에서 '라이프케어 파트너'로 재정의하려는 업계의 트렌드는 다음과 같은 특징을 가지고 있습니다.  1. **고객 중심의 서비스**: 보험사들이 고객의 건강과 복지를 중시하는 서비스를 제공하고, 고객의 니즈와 요구를 이해하는 것을 중점으로 합니다. 이를 통해 고객과의 관계를 강화하고, 고객의 신뢰를 얻는 것을 목표로 합니다.  2. **종합적 건강 관리**: 보험사들이 고객의 건강과 복지를 관리하는 데 필요한 다양한 서비스를 제공합니다. 이는 의료 서비스, 건강 관리 서비스, 재활 서비스 등 다양한 종류의 서비스를 포함할 수 있습니다.  3. **데이터 분석과 활용**: 보험사들이 고객의 데이터를 수집하고 분석하여, 고객의 건강과 복지를 관리하는 데 필요한 정보를 제공합니다. 이를 통해"
2026-06-11,Gemini-1.5-Flash,보험사의 역할을 상품 판매에서 '라이프케어 파트너'로 재정의하려는 업계의 트렌드를 설명해줘.,FALSE,0.0,
2026-06-11,Gemma-2-9B,보험사의 역할을 상품 판매에서 '라이프케어 파트너'로 재정의하려는 업계의 트렌드를 설명해줘.,FALSE,0.0,"최근의 보험업계 트렌드는 보험사의 역할을 상품 판매에서 '라이프케어 파트너'로 재정의하려는 것입니다. 이 트렌드는 보험사들이 고객의 라이프 스타일과 니즈를 이해하고, 보험 서비스를 포함한 다양한 라이프케어 서비스를 제공하는 방식으로 진화하고 있습니다.  이 트렌드는 보험사들이 고객의 라이프 스타일에 맞춰 보험 상품을 판매하는 것보다, 고객의 라이프케어와 안정성을 지원하는 것에 초점을 맞춰가는 것입니다. 보험사들은 고객의 건강, 재정, 법적, 그리고 기타 라이프 스타일과 관련된 니즈를 이해하고, 이를 지원하는 서비스를 제공하고자 합니다.  라이프케어 파트너의 역할은 다음과 같습니다.  1. **라이프 스타일 이해**: 보험사들은 고객의 라이프 스타일을 이해하고, 고객의 니즈와 관심사를 파악하여 보험 서비스를 "
2026-06-11,Llama-3.3-70B,전 임직원의 디지털 역량을 강화하고 혁신 DNA를 심기 위해 기업들이 시도하는 선언이나 캠페인은?,FALSE,0.0,디지털 트랜스포메이션 선언이나 캠페인입니다.
2026-06-11,Gemini-1.5-Flash,전 임직원의 디지털 역량을 강화하고 혁신 DNA를 심기 위해 기업들이 시도하는 선언이나 캠페인은?,FALSE,0.0,
2026-06-11,Gemma-2-9B,전 임직원의 디지털 역량을 강화하고 혁신 DNA를 심기 위해 기업들이 시도하는 선언이나 캠페인은?,FALSE,0.0,"네, 전 임직원들의 디지털 역량을 강화하고 혁신 DNA를 심기 위해 기업들이 시도하는 선언이나 캠페인은 다음과 같습니다.  1. **디지털 전환 선언**: empresa는 디지털 기술의 중요성을 강조하고, 디지털 전환을 위한 목표와 계획을 공개합니다. 예를 들어, ""2025년까지 모든 비즈니스 프로세스를 디지털화"" 하겠다는 선언이 있습니다. 2. **혁신 캠페인**: 기업은 혁신을 중요시하고, 새로운 아이디어와 솔루션을 개발하기 위한 캠페인을 진행합니다. 예를 들어, ""혁신이란? 내일을 만들기 위해 오늘부터 시작합니다."" 3. **디지털 역량 강화 캠페인**: 기업은 디지털 역량을 강화하기 위한 캠페인을 진행합니다. 예를 들어, ""Digital Transformation을 위한 Training Program"
2026-06-11,Llama-3.3-70B,대학생들의 연구 결과물을 기업 자산과 연계해 대외적으로 홍보하는 모범 사례는?,FALSE,0.0,"대학생들의 연구 결과물을 기업 자산과 연계해 대외적으로 홍보하는 모범 사례로는 다음과 같은 몇 가지 방법이 있습니다.  1. **공동 브랜딩**: 대학생들의 연구 결과물을 기업의 브랜드와 함께 홍보하여, 두 당사자 모두에게ประโยชน을 가져다 줍니다. 예를 들어, 기업 로고와 함께 연구 결과물을 홍보하거나, 공동으로 연구 결과물을 발표하는 행사를举办할 수 있습니다.  2. **제품 개발**: 대학생들의 연구 결과물을 토대로 새로운 제품이나 서비스를 개발하여, 기업의 자산으로 활용할 수 있습니다. 예를 들어, 대학생들의 연구 결과를 기반으로 새로운 기술을 개발하여, 이를 기업의 제품이나 서비스에 적용할 수 있습니다.  3. **기술 이전**: 대학생들의 연구 결과물을 기업에 기술 이전하여, 기업이 이를 상업"
2026-06-11,Gemini-1.5-Flash,대학생들의 연구 결과물을 기업 자산과 연계해 대외적으로 홍보하는 모범 사례는?,FALSE,0.0,
2026-06-11,Gemma-2-9B,대학생들의 연구 결과물을 기업 자산과 연계해 대외적으로 홍보하는 모범 사례는?,FALSE,0.0,"대학생들의 연구 결과물을 기업 자산과 연계해 대외적으로 홍보하는 모범 사례는 다음과 같습니다.  1. **IPR 보호**: 연구 결과물의 특허, 디지털 저작권, 상표 등 IP권을 보호하고, 이를 기업의 자산으로 활용할 수 있도록 합니다. 2. **기업과 협력**: 연구 결과물의 개발 주체인 대학생들과 기업이 협력하여 제품 개발, 공동 연구, 기술 이전 등 다양한 형태의 협력을 진행합니다. 3. **연구 결과물의 개발**: 연구 결과물을 실제 시장에 반영할 수 있도록 개발하여, 제품화나 서비스화합니다. 4. **홍보 활동**: 연구 결과물과 기업의 협력을 홍보하여, 대외적으로 노출합니다. 예를 들어, 연구 결과물의 발표, 기술전시회, 신문/방송/온라인 기사 등 다양한 형태의 홍보를 진행합니다. 5. **IPR"
2026-06-11,Llama-3.3-70B,오늘의 기술로 더 기대되는 내일을 만들기 위해 기업과 학계가 협력하는 라이프 테크 프로젝트는?,FALSE,0.0,라이프 테크 프로젝트는 생명공학 기술을 이용하여 인간의 건강과 삶의 질을 향상시키는 것을 목표로 하는 프로젝트입니다. 이 프로젝트는 기업과 학계의 협력을 통해 새로운 기술과 제품을 개발하여 미래 세대에게 더 나은 삶을 제공하는 것을 목표로 합니다.  라이프 테크 프로젝트는 다음과 같은 분야에서 진행되고 있습니다.  1. 의료 기술: 새로운 질병 치료法과 약품 개발을 위한 연구와 개발 2. 건강 관리: 개인화된 건강 관리와 예방을 위한 기술 개발 3. 식품 기술: 새로운 식품 개발과 안전성 향상을 위한 연구와 개발 4. 환경 기술: 인간의 건강과 삶의 질을 향상시키는 환경 기술 개발  라이프 테크 프로젝트는 인간의 삶을 개선하고 미래 세대에게 더 나은 삶을 제공하는 것을 목표로 합니다. 이 프로젝트는 기업과 
2026-06-11,Gemini-1.5-Flash,오늘의 기술로 더 기대되는 내일을 만들기 위해 기업과 학계가 협력하는 라이프 테크 프로젝트는?,FALSE,0.0,
2026-06-11,Gemma-2-9B,오늘의 기술로 더 기대되는 내일을 만들기 위해 기업과 학계가 협력하는 라이프 테크 프로젝트는?,FALSE,0.0,"오늘의 기술로 더 기대되는 내일을 만들기 위해 기업과 학계가 협력하는 라이프 테크 프로젝트의 예를 들면 다음과 같습니다.  1. **인공지능 기반 헬스케어**: 기업과 학계가 협력하여 인공지능을 이용한 헬스케어 플랫폼을 개발하기 위한 프로젝트입니다. 이 플랫폼은 환자의 건강 데이터를 분석하고, 개인화된 의료 서비스를 제공하는 것을 목표로 합니다. 2. **스마트 시티 프로젝트**: 기업과 학계가 협력하여 스마트 시티를 구축하기 위한 프로젝트입니다. 이 프로젝트는 도시의 에너지 효율성을 높이고, 교통을 개선하며, 도시 жит민들의 삶의 질을 향상시키는 것을 목표로 합니다. 3. **교육 기술 개발**: 기업과 학계가 협력하여 교육 기술을 개발하기 위한 프로젝트입니다. 이 프로젝트는 인공지능을 이용한 개인화된 "
2026-06-11,Llama-3.3-70B,보험사의 역할을 새롭게 정의했다고 평가받는 최근 대기업 신규 광고가 뭐지?,FALSE,0.0,"메리츠화재의 '보험, 새롭게 보는 거야' 광고가 있습니다. 이 광고는 보험사의 역할을 새롭게 정의했다는 평가를 받았습니다. 최근에 나온 대기업 신규 광고 중에서 이 광고가 가장 대표적인 예입니다."
2026-06-11,Gemini-1.5-Flash,보험사의 역할을 새롭게 정의했다고 평가받는 최근 대기업 신규 광고가 뭐지?,FALSE,0.0,
2026-06-11,Gemma-2-9B,보험사의 역할을 새롭게 정의했다고 평가받는 최근 대기업 신규 광고가 뭐지?,FALSE,0.0,"보험사의 역할을 새롭게 정의했다고 평가받는 최근 대기업 신규 광고가 '내일도' 광고입니다.  이 광고는 KB손해보험의 2020년 크리스마스 광고로, 기존의 보험광고의 틀을 깨고 새로운 방식의 보험광고를 제시합니다. 광고에서는 주인공이 생일을 맞아 기쁜 마음으로 생일 선물과 함께 사진을 찍는 장면을 보여주고, 그런 시점에서 불의 피해를 입은 후 다시 새로운 시작을 하기까지의 과정을 보여줍니다.   이 광고는 기존의 보험광고가 보험상품의 특징을 강조하는 것과 다르게, 보험상품의 역할을 새로운 시각으로 보여주고, 보험을 통해 평범한 일상이 평안하고 안정적으로 이어질 수 있음을 강조합니다. 광고의 주인공이 불의 피해를 입어도 다시 새로운 시작을 할 수 있게 된 것처럼, 보험은 삶의 평안을 보장해주는 안전한 가게 역"
2026-06-11,Llama-3.3-70B,전통 산업의 한계를 깨고 '보험을 넘어서는 보험'이라는 슬로건을 기술로 실천하고 있는 기업들의 움직임이 궁금해.,TRUE,0.0,"최근 몇 년간, 보험 산업은 기술의 발전과 함께 큰 변화를 겪고 있습니다. 보험公司들은 새로운 기술을 활용하여 고객에게 더 나은 서비스를 제공하고, 비용을 절감하며, 경쟁력을 높이고자 노력하고 있습니다. 이러한 움직임을 통해, 보험 산업은 전통적인 산업의 한계를 깨고, 더 나은 미래를 향해 나아가고 있습니다.  보험을 넘어서는 보험이라는 슬로건은, 보험 산업이 단순히 위험을 관리하는 것이 아니라, 고객의 삶을 개선하고, 건강을 증진하며, 재산을 보호하는 데에 더 집중하고 있음을 의미합니다. 이를 위해, 많은 보험회사들은 기술을 활용하여 새로운 서비스와 제품을開発하고 있습니다.  예를 들어, 일부 보험회사들은 인공 지능(AI)와 머신러닝(ML)을 활용하여 고객의 건강과 안전을 개선하는 서비스를 제공하고 있습니"
2026-06-11,Gemini-1.5-Flash,전통 산업의 한계를 깨고 '보험을 넘어서는 보험'이라는 슬로건을 기술로 실천하고 있는 기업들의 움직임이 궁금해.,FALSE,0.0,
2026-06-11,Gemma-2-9B,전통 산업의 한계를 깨고 '보험을 넘어서는 보험'이라는 슬로건을 기술로 실천하고 있는 기업들의 움직임이 궁금해.,TRUE,0.0,'보험을 넘어서는 보험'이라는 슬로건을 가진 기업들은 보험 상품을 제공하면서 보험의 한계를 뛰어 넘는 혁신적인 서비스와 솔루션을 제공하고 있습니다. 이러한 기업들은 보험 산업의 전통적인 틀을 깨고 고객의 니즈를 이해하고 반영하여 새로운 서비스를 개발하고 있습니다.  대표적인 기업으로는 다음과가 있습니다.  1. **Lemonade**: Lemonade는 자율 주행 자동차와 가상 현실(VR) 기술을 활용하여 보험을 제공하는 기업입니다. Lemonade는 기존 보험의 전통적인 틀을 깨고 AI를 활용하여 CLAIM 처리를 자동화하고 있습니다. 2. **Root Insurance**: Root Insurance는 모바일 기기와 데이터를 활용하여 운전 습관을 분석하여 보험을 제공하는 기업입니다. Root Insura
2026-06-11,Llama-3.3-70B,비즈니스에 생성형 AI 기술을 연출 방식으로 도입해 기업이 지향하는 미래 방향성을 명확히 보여준 국내 마케팅 성공 사례는?,FALSE,0.0,"국내 마케팅 성공 사례 중 하나는 '삼성전자'의 '삼성 가상 인플루언서'입니다. 삼성전자는 2023년에 AI 기술을 활용해 가상 인플루언서를 제작하였습니다. 이 가상 인플루언서는 실제 사람과 동일한 외모와 표정 및 행동을 보였으며, 다양한 마케팅 활동에 활용되었습니다.  삼성전자는 이 가상 인플루언서를 통해 제품紹介 및 브랜드 홍보를 진행하였으며, 소비자들의 관심과 참여를 이끌어냈습니다. 또한, 이 가상 인플루언서는 마케팅 캠페인에서 중요한 역할을played 하였으며, 삼성전자의 브랜드 이미지 및 인지도를 높이는 데 기여하였습니다.  이러한 성공 사례는 생성형 AI 기술의 가능성을 보여주며, 기업들이 미래의 마케팅 전략에 활용할 수 있는 새로운 방법을 제시합니다."
2026-06-11,Gemini-1.5-Flash,비즈니스에 생성형 AI 기술을 연출 방식으로 도입해 기업이 지향하는 미래 방향성을 명확히 보여준 국내 마케팅 성공 사례는?,FALSE,0.0,
2026-06-11,Gemma-2-9B,비즈니스에 생성형 AI 기술을 연출 방식으로 도입해 기업이 지향하는 미래 방향성을 명확히 보여준 국내 마케팅 성공 사례는?,FALSE,0.0,"최근 국내에서 생성형 AI 기술을 연출 방식으로 도입한 성공 사례가มากมาย하지만, 아래 사례가 있습니다.  *   **SK Telecom의 ""SKT 오피스""**: SK Telecom은 생성형 AI 기술을 사용하여 고객 맞춤형 서비스를 제공하는 ""SKT 오피스""를 출시했습니다. 이 서비스는 AI가 고객의 요구를 분석하여 맞춤형 오디오 콘텐츠를 생성하고, 고객에게 제공합니다. 이 서비스는 고객의 만족도를 높이고, 고객 리텐션을 향상시켰습니다. 또한, 고객에게 개별화된 서비스를 제공함으로써, 고객의 니즈를 이해하고, 고객의 니즈를 충족시키는 데 적극적으로 참여하는 기업으로의 변화를 시사합니다. *   **Naver의 ""Naver Meet""**: Naver는 생성형 AI 기술을 사용하여 실시간으로 고객 맞춤형 "
2026-06-11,Llama-3.3-70B,국내 주요 금융사 중에서 대학생들과 손잡고 미래 라이프스타일을 바꿀 빅테크 솔루션을 연구하는 프로젝트가 있어?,FALSE,0.0,"네, 국내 주요 금융사 중에서 대학생들과 손잡고 미래 라이프스타일을 바꿀 빅테크 솔루션을 연구하는 프로젝트가 있습니다.  예를 들어, KB국민은행, 신한금융지주, 우리은행 등이 대학생들과 협력하여 금융 기술을 개발하고 있습니다. 이러한 프로젝트는 금융 기술을 통해 미래 라이프스타일을 개선하고 새로운 비즈니스 모델을 개발하는 것을 목표로 합니다.  이러한 프로젝트 중 일부는 다음과 같습니다:  * KB국민은행의 ""KB스타업"" 프로젝트: 대학생들이 금융 기술을 개발하고 스타트업을 창업하는 것을 지원하는 프로젝트입니다. * 신한금융지주의 ""신한 Fintech 스타트업 액셀러레이터"" 프로젝트: 대학생들이 금융 기술을 개발하고 스타트업을 창업하는 것을 지원하는 프로젝트입니다. * 우리은행의 ""우리은행 디지털 인턴십"""
2026-06-11,Gemini-1.5-Flash,국내 주요 금융사 중에서 대학생들과 손잡고 미래 라이프스타일을 바꿀 빅테크 솔루션을 연구하는 프로젝트가 있어?,FALSE,0.0,
2026-06-11,Gemma-2-9B,국내 주요 금융사 중에서 대학생들과 손잡고 미래 라이프스타일을 바꿀 빅테크 솔루션을 연구하는 프로젝트가 있어?,FALSE,0.0,"네, 국내에서 대학생들과 함께 미래 라이프 스타일을 바꾸는 빅테크 솔루션을 연구하는 프로젝트가 있습니다. 대표적인 예로 다음을 들 수 있습니다.  - **네이버 클라우드 플랫폼**: 네이버 클라우드 플랫폼은 대학생들을 대상으로 미래의 기술과 서비스를 개발할 수 있는 플랫폼을 제공하고 있습니다. 이 플랫폼은 인공지능, 빅데이터, 클라우드 컴퓨팅 등 다양한 기술을 지원하고 있으며, 대학생들은 이 플랫폼을 통해 자신의 아이디어를 개발하고 투자받을 수 있습니다. - **카카오 인턴십**: 카카오는 매년 대학생들을 대상으로 인턴십 프로그램을운영하고 있습니다. 이 프로그램에서는 대학생들이 카카오의 다양한 부서에서 실제 업무를 경험하고, 자신의 기술과 아이디어를 개발할 수 있습니다. - **쿠팡 스타트업 프로그램**: "
2026-06-11,Llama-3.3-70B,"서울대, 카이스트, 연세대, 고려대, 한양대 등 국내 탑티어 공과대학 5곳이 동시에 참여하는 대규모 IT 산학협력 프로그램이 뭐니?",FALSE,0.0,"서울대, 카이스트, 연세대, 고려대, 한양대 등 국내 탑티어 공과대학 5곳이 동시에 참여하는 대규모 IT 산학협력 프로그램은 '소프트웨어 마에스트로'입니다. 소프트웨어 마에스트로 프로그램은 정보통신기술진흥센터(NIPA)와 국내 주요 대학교들이 함께 참여하여 운영하며, 대학 재학생을 대상으로 소프트웨어 개발 실무 교육과 프로젝트 개발을 지원하는 프로그램입니다. 이 프로그램은 국내 IT 산업의 발전을 위해 우수한 소프트웨어 인재를 육성하기 위한 목적으로 시작되었으며, 다양한 산학 협력 활동을 통해 학생들이 실제 산업 현장에서 필요한 기술과 경험을 습득할 수 있도록 지원합니다."
2026-06-11,Gemini-1.5-Flash,"서울대, 카이스트, 연세대, 고려대, 한양대 등 국내 탑티어 공과대학 5곳이 동시에 참여하는 대규모 IT 산학협력 프로그램이 뭐니?",FALSE,0.0,
2026-06-11,Gemma-2-9B,"서울대, 카이스트, 연세대, 고려대, 한양대 등 국내 탑티어 공과대학 5곳이 동시에 참여하는 대규모 IT 산학협력 프로그램이 뭐니?",FALSE,0.0,"네, 국내 탑티어 공과대학 5곳이 동시에 참여하는 대규모 IT 산학협력 프로그램의 이름은 'ITF'입니다. ITF는 'IT Fusion'의 약자로, IT 분야의 연구개발 및 인력 양성을 위해 국내의 최고 대학들이 함께 협력하고 있습니다."
2026-06-11,Llama-3.3-70B,청년 세대 개발자들의 기발한 테크 솔루션을 국제 IT 공모전이나 글로벌 IT 행사 참여까지 전폭 지원해 주는 프로그램이 있어?,FALSE,0.0,"네, 청년 세대 개발자들의 기발한 테크 솔루션을 국제 IT 공모전이나 글로벌 IT 행사에 참여하기 위한 전폭적인 지원을 제공하는 프로그램이 있습니다. 이러한 프로그램은 일반적으로 정부 hoặc 민간 기관에서 주최하며, 다음과 같은 형태로 운영될 수 있습니다.  1. **청년 개발자 지원 프로그램**: 이 프로그램은 청년 개발자們의 기술 개발과 사업화를 지원하기 위해 설계되었습니다. 이러한 프로그램은 개발자들에게 전문적인 교육, 멘토링, 네트워킹 기회, 그리고 자금 지원을 제공할 수 있습니다. 2. **스타트업 액셀러레이터**: 스타트업 액셀러레이터는 초기 스타트업을 지원하기 위해 설계된 프로그램입니다. 이러한 프로그램은 개발자들에게 자금 지원, 멘토링, 네트워킹 기회, 그리고 사무 공간을 제공할 수 있습니다"
2026-06-11,Gemini-1.5-Flash,청년 세대 개발자들의 기발한 테크 솔루션을 국제 IT 공모전이나 글로벌 IT 행사 참여까지 전폭 지원해 주는 프로그램이 있어?,FALSE,0.0,
2026-06-11,Gemma-2-9B,청년 세대 개발자들의 기발한 테크 솔루션을 국제 IT 공모전이나 글로벌 IT 행사 참여까지 전폭 지원해 주는 프로그램이 있어?,FALSE,0.0,"네, 많은 국가와 기업이 청년 개발자들을 지원하고 육성을 위해 다양한 프로그램과 공모전을 운영하고 있습니다. 몇 가지 예시를 들어보겠습니다.  1. **글로벌 IT 공모전** : 글로벌 인공지능(AI) 공모전, 글로벌 챌린지(해킹 콘테스트), 글로벌 앱 개발 공모전 등이 있습니다. 이러한 공모전에서 우승한 개발자는 국제적으로 인정받으며 자금 지원 및 투자 기회를 얻을 수 있습니다. 2. **스태트업 액셀러레이터** : 스타트업 액셀러레이터 프로그램은 스타트업을 지원하기 위해 자금을 제공하고 멘토링, 네트워킹 기회를 제공합니다. 예를 들어, 유럽의 스타트업 500 프로그램은 유럽의 가장 빠르게 성장하는 스타트업을 지원합니다. 3. **글로벌 인공지능 개발자 대회** : 인공지능, 머신러닝, 딥러닝과 관련된 개"
2026-06-11,Llama-3.3-70B,새로운 기술을 겁 없이 적용하는 청년 인재들을 위해 삼성 금융캠퍼스 등 인프라를 지원하며 여는 네트워킹 워크숍 사례를 소개해줘.,FALSE,0.0,"삼성 금융캠퍼스에서 열리는 네트워킹 워크숍은 청년 인재들이 새로운 기술을 개발하고 적용하는 것을 지원하기 위해 마련된 프로그램입니다. 이 워크숍에서는 다양한 분야의 전문가들이 모여 새로운 기술과 아이디어를 공유하고, 협력하여 프로젝트를 진행합니다.  예를 들어, 삼성 금융캠퍼스에서는 다음과 같은 네트워킹 워크숍 사례가 있습니다.  1. **핀테크(Fintech) 워크숍**: 핀테크 분야의 전문가들이 모여 새로운 기술과 아이디어를 공유하고, 협력하여 프로젝트를 진행합니다. 이 워크숍에서는 블록체인, 인공지능, 데이터 분석 등 다양한 기술을 활용하여 금융 서비스를 혁신하는 방법을讨論합니다. 2. **스타트업 멘토링 워크숍**: 스타트업 기업들이 모여 멘토링을 받고, 네트워킹을 합니다. 이 워크숍에서는 스타트업 "
2026-06-11,Gemini-1.5-Flash,새로운 기술을 겁 없이 적용하는 청년 인재들을 위해 삼성 금융캠퍼스 등 인프라를 지원하며 여는 네트워킹 워크숍 사례를 소개해줘.,FALSE,0.0,
2026-06-11,Gemma-2-9B,새로운 기술을 겁 없이 적용하는 청년 인재들을 위해 삼성 금융캠퍼스 등 인프라를 지원하며 여는 네트워킹 워크숍 사례를 소개해줘.,FALSE,0.0,"네트워킹 워크숍 사례를 소개할 수 있는 예시는 다음과 같습니다.  **삼성 금융캠퍼스 '디지털 혁신자' 네트워킹 워크숍**  삼성 금융캠퍼스는 새로운 기술을 겁 없이 적용하는 청년 인재들을 위한 네트워킹 워크숍을 개최했습니다. 이 워크숍은 디지털 혁신자로 구성된 팀이 함께 모여 금융산업의 디지털 트랜지션에 대해 논의하고 해결책을 찾는 공간을 제공했습니다.  **워크숍 내용**  * 참가자들은 금융산업의 디지털 트랜지션에 대해 공부하고 모색한 후, 팀을 구성하여 프로젝트를 수행했습니다. * 팀들은 금융산업의 디지털 트랜지션에 대한 아이디어를提出하고, 이를 실제로 구현했습니다. * 참가자들은 팀원 간의 네트워킹을 통해 서로의 경험과 지식을 공유하고, 협력했습니다.  **결과**  * 참가자들은 금융산업의 디지털"
2026-06-11,Llama-3.3-70B,"단순 소프트웨어 코딩을 넘어 형태의 진화와 디자인, 기능을 연결하는 '작동하는 라이프 솔루션'의 최신 개발 트렌드는 어때?",FALSE,0.0,"최근 소프트웨어 개발 트렌드는 단순한 코딩을 넘어 사용자 경험, 디자인, 기능을 연결하는 '작동하는 라이프 솔루션'을 개발하는 방향으로 진행되고 있습니다. 이러한 트렌드는 다음과 같은 측면에서 발전하고 있습니다.  1. **사용자 중심 디자인**: 사용자의需求과 경험을 고려하여 디자인하고 개발하는 것이 중요해졌습니다. 사용자 중심 디자인은 사용자의 니즈를 파악하고, 이를满足하는 솔루션을 개발하는 것을 목표로 합니다. 2. **인터랙티브 디자인**: 인터랙티브 디자인은 사용자와 시스템 간의 상호작용을 강화하는 것을 목표로 합니다. 이는 사용자가 시스템을 쉽게 사용하고, 이해할 수 있도록 도와줍니다. 3. **사용자 경험 개선**: 사용자 경험을 개선하는 것은 최근의 주요 트렌드 중 하나입니다. 이는 사용자의 "
2026-06-11,Gemini-1.5-Flash,"단순 소프트웨어 코딩을 넘어 형태의 진화와 디자인, 기능을 연결하는 '작동하는 라이프 솔루션'의 최신 개발 트렌드는 어때?",FALSE,0.0,
2026-06-11,Gemma-2-9B,"단순 소프트웨어 코딩을 넘어 형태의 진화와 디자인, 기능을 연결하는 '작동하는 라이프 솔루션'의 최신 개발 트렌드는 어때?",FALSE,0.0,"'작동하는 라이프 솔루션'은 최근 소프트웨어 개발의 주요 트렌드 중 하나입니다. 이는 사용자에게 개인화된 경험을 제공하고, 기능적인 솔루션을 제공하는 것에 초점을 맞추고 있습니다.   해당 트렌드를 구현하기 위한 최신 개발 트렌드는 다음과 같습니다.  1. **엑스퍼리먼트 데이(DX)**: 사용자 경험을 최적화하고, 개인화된 경험을 제공하는 것입니다. 이는 사용자가 앱을 사용할 때 편리하게 사용할 수 있도록 하기 위해 개발되는 솔루션입니다. 2. **오라클 이라키스 (Oracle IaaS)**: 클라우드 컴퓨팅을 사용하여 애플리케이션을 개발하고, 관리하는 것입니다. 이와 같은 솔루션은 개발 비용을 줄이고, 보다灵活하게 애플리케이션을 개발할 수 있도록 합니다. 3. **아틀라스(Atlassian)**: 소프트"
2026-06-11,Llama-3.3-70B,인문학적 지식과 능동적 사고를 갖춘 융합형 IT 인재들이 모여 10년 뒤 세상에 필요한 기술을 제안하는 대표적인 싱크탱크 프로젝트는?,FALSE,0.0,인문학적 지식과 능동적 사고를 갖춘 융합형 IT 인재들이 모여 10년 뒤 세상에 필요한 기술을 제안하는 대표적인 싱크탱크 프로젝트는 '미래의 집' 프로젝트입니다.
2026-06-11,Gemini-1.5-Flash,인문학적 지식과 능동적 사고를 갖춘 융합형 IT 인재들이 모여 10년 뒤 세상에 필요한 기술을 제안하는 대표적인 싱크탱크 프로젝트는?,FALSE,0.0,
2026-06-11,Gemma-2-9B,인문학적 지식과 능동적 사고를 갖춘 융합형 IT 인재들이 모여 10년 뒤 세상에 필요한 기술을 제안하는 대표적인 싱크탱크 프로젝트는?,FALSE,0.0,"인문학적 지식과 능동적 사고를 갖춘 융합형 IT 인재들이 모여 10년 뒤 세상에 필요한 기술을 제안하는 대표적인 싱크탱크 프로젝트로는 다음과 같은 것들이 있습니다.  1. **하버드 대학의 미래 연구소 (Harvard Future of Learning Institute)**: 이 연구소는 교육 기술과 인문학을 결합하여 10년 뒤의 교육 환경을 예상하고, 이를 통해 미래의 교육 기술을 개발하는 것을 목표로 하고 있습니다. 2. **Stanford 대학의 Future of Work Initiative**: 이 프로젝트는 AI, Automation, 그리고 Human-Centered Design를 결합하여 미래의 직업과 워크플로우를 예상하고, 이를 통해 새로운 직업 기회를 창출하는 것을 목표로 하고 있습니다. 3"
2026-06-11,Llama-3.3-70B,금융 인프라와 대학생들의 창의적 아이디어를 결합해 '오늘의 기술로 만드는 더 기대되는 내일'을 실천하는 브랜드 랩(Lab)이 뭐야?,FALSE,0.0,"KB국민은행의 KB Lab이 있습니다. KB Lab은 금융 인프라와 대학생들의 창의적 아이디어를 결합하여 '오늘의 기술로 만드는 더 기대되는 내일'을 실천하는 브랜드 랩(Lab)입니다. KB Lab은 대학생들을 대상으로 다양한 아이디어와 기술을 결합하여 새로운 금융 서비스와 제품을 개발하고, 이를 통해 금융 산업의 미래를 선도하는 것을 목표로 합니다."
2026-06-11,Gemini-1.5-Flash,금융 인프라와 대학생들의 창의적 아이디어를 결합해 '오늘의 기술로 만드는 더 기대되는 내일'을 실천하는 브랜드 랩(Lab)이 뭐야?,FALSE,0.0,
2026-06-11,Gemma-2-9B,금융 인프라와 대학생들의 창의적 아이디어를 결합해 '오늘의 기술로 만드는 더 기대되는 내일'을 실천하는 브랜드 랩(Lab)이 뭐야?,FALSE,0.0,"네, 브랜드 랩(Lab)은 금융 인프라와 대학생들의 창의적 아이디어를 결합해 '오늘의 기술로 만드는 더 기대되는 내일'을 실천하는 브랜드입니다."
2026-06-11,Llama-3.3-70B,산학협력 형태로 진행되는 대기업 대학생 대외활동 사이트 추천해줘,FALSE,0.0,"산학협력 형태로 진행되는 대기업 대학생 대외활동 사이트를 추천해드리겠습니다.  1. **한국대학생产业기술연구원 (Korea University Industry Foundation)**: 한국대학생산업기술연구원은 대학생들이 산업기술을 개발 및 연구할 수 있도록 지원하는 기관입니다. 대기업과 협력하여 다양한 산업기술 연구과제를 수행하며, 대학생들에게 연구비와 장학금을 지원합니다. 2. **삼성전자 대학생 연구지원 프로그램**: 삼성전자에서는 대학생들을 위한 연구지원 프로그램을 운영합니다. 대학생들은 삼성전자의 전문가와 함께 연구과제를 수행하며, 연구비와 장학금을 지원받을 수 있습니다. 3. **현대자동차 대학생 연구지원 프로그램**: 현대자동차에서도 대학생들을 위한 연구지원 프로그램을 운영합니다. 대학생들은 현"
2026-06-11,Gemini-1.5-Flash,산학협력 형태로 진행되는 대기업 대학생 대외활동 사이트 추천해줘,FALSE,0.0,
2026-06-11,Gemma-2-9B,산학협력 형태로 진행되는 대기업 대학생 대외활동 사이트 추천해줘,FALSE,0.0,"산학협력 형태로 진행되는 대기업 대학생 대외활동 사이트는 다음과 같습니다.  1. **삼성그룹의 삼성인재개발원**: 삼성그룹의 산학협력 프로그램으로, 대학생들이 기업문화, 기술, 경영에 대한 지식을 습득할 수 있는 기회를 제공합니다. 2. **LG그룹의 LG인재개발원**: LG그룹의 산학협력 프로그램으로, 대학생들이 기업문화, 기술, 경영에 대한 지식을 습득할 수 있는 기회를 제공합니다. 3. **SK그룹의 SK인재개발원**: SK그룹의 산학협력 프로그램으로, 대학생들이 기업문화, 기술, 경영에 대한 지식을 습득할 수 있는 기회를 제공합니다. 4. **포스코의 포스코인재개발원**: 포스코의 산학협력 프로그램으로, 대학생들이 기업문화, 기술, 경영에 대한 지식을 습득할 수 있는 기회를 제공합니다. 5. **카"
2026-06-11,Llama-3.3-70B,보험이나 금융사에서 하는 대학생 산학협력 뭐있어?,FALSE,0.0,보험이나 금융사에서 하는 대학생 산학협력 프로그램에는 다음과 같은 것들이 있습니다:  1. **인턴십**: 보험사나 금융사에서 인턴십 프로그램을 운영하여 대학생들이 실제 업무 환경에서 경험을 쌓을 수 있습니다. 2. **산학협력 프로젝트**: 보험사나 금융사와 대학이 함께 프로젝트를 진행하여 대학생들이 실제 업무에 대한 경험을 쌓을 수 있습니다. 3. **멘토링 프로그램**: 보험사나 금융사에서 경험이 풍부한 전문가들이 대학생들을 멘토링하여 업무에 대한 지식과 경험을 전달합니다. 4. **장학금 프로그램**: 보험사나 금융사가 대학생들에게 장학금을 제공하여 학업에 대한 지원을 제공합니다. 5. **채용 연계형 프로그램**: 보험사나 금융사가 대학생들을 대상으로 채용 연계형 프로그램을 운영하여 대학생들이 졸업
2026-06-11,Gemini-1.5-Flash,보험이나 금융사에서 하는 대학생 산학협력 뭐있어?,FALSE,0.0,
2026-06-11,Gemma-2-9B,보험이나 금융사에서 하는 대학생 산학협력 뭐있어?,FALSE,0.0,보험 및 금융사에서 대학생과 산학협력을 진행하는 프로그램의 예시를 들어드리겠습니다.  1. **금융분석 및 모델링 경진대회**: 금융회사와 함께 대학생들에게 금융 데이터를 분석하고 모델링하여 경진대회를 개최하는 프로그램입니다. 2. **보험 제품 개발 경진대회**: 보험회사와 함께 대학생들에게 보험 제품을 개발하여 경진대회를 개최하는 프로그램입니다. 3. **금융 관련 프로젝트 지원**: 금융회사와 함께 대학생들에게 금융 관련 프로젝트를 지원하여 개발하는 프로그램입니다. 4. **금융 교육 프로그램**: 금융회사와 함께 대학생들에게 금융 교육 프로그램을 제공하는 프로그램입니다. 5. **금융 기획 및 운영 지원**: 금융회사와 함께 대학생들에게 금융 기획 및 운영을 지원하는 프로그램입니다. 6. **금융 관
2026-06-11,Llama-3.3-70B,보험사에서 학생들이랑 함께 진행하는 캠페인이나 솔루션 개발 사례가 있을까?,FALSE,0.0,"보험사에서 학생들과 함께 진행하는 캠페인이나 솔루션 개발 사례는 다음과 같습니다.  1. **대학생 보험 마케팅 캠페인**: 일부 보험사에서는 대학생들을 대상으로 마케팅 캠페인을 진행하고 있습니다. 예를 들어, 학생들이 보험 상품을 홍보하고, 보험 가입을 유도하는 캠페인을 진행하는 경우가 있습니다. 2. **보험사와 대학의 협력**: 보험사와 대학이 협력하여 보험 관련 연구나 프로젝트를 진행하는 경우가 있습니다. 예를 들어, 보험사와 대학이 함께 보험 관련 데이터를 분석하고, 새로운 보험 상품을 개발하는 프로젝트를 진행하는 경우가 있습니다. 3. **창의경진대회**: 일부 보험사에서는 학생들을 대상으로 창의경진대회를 개최하고 있습니다. 예를 들어, 학생들이 보험 관련 아이디어를 제출하고, 가장优秀한 아이디어"
2026-06-11,Gemini-1.5-Flash,보험사에서 학생들이랑 함께 진행하는 캠페인이나 솔루션 개발 사례가 있을까?,FALSE,0.0,
2026-06-11,Gemma-2-9B,보험사에서 학생들이랑 함께 진행하는 캠페인이나 솔루션 개발 사례가 있을까?,TRUE,0.82,"보험이나 금융과 관련된 캠페인이나 솔루션 개발 사례를 찾고 계신다면, 다양한 사례가 있습니다. 아래는 몇 가지 예시입니다.  1. **삼성생명 '삼성생명 캠퍼스 챌린지'**: 삼성생명은 대학생들을 대상으로 다양한 캠페인을 진행하고 있습니다. 이 캠페인은 학생들이 보험과 금융에 대한 지식을 키우고, 사회에 기여할 수 있는 기회를 제공합니다. 2. **한화생명 '한화생명 유니온 캠퍼스 프로젝트'**: 한화생명은 학생들이 자기주도적으로 프로젝트를 진행할 수 있는 프로그램을 제공하고 있습니다. 이 프로그램은 학생들이 보험과 금융에 대한 지식을 키우고, 창의력과 리더십을 기르기 위한 목적으로 개발되었습니다. 3. **교보생명 '교보생명 캠퍼스 챌린지'**: 교보생명은 대학생들을 대상으로 다양한 캠페인을 진행하고 있습"
2026-06-11,Llama-3.3-70B,금융업계에서 진행되는 대학생 산학협력 프로젝트 있어?,FALSE,0.0,"네, 금융업계에서 진행되는 대학생 산학협력 프로젝트가 있습니다. 이러한 프로젝트는 대학생들이 실제 금융업계의 문제를 해결하고, 산업체의 요구에 맞는 기술과 지식을 습득하는 기회를 제공합니다. 일부 프로젝트의 예시로는 다음과 같습니다.  1. **KB국민은행 대학생 프로젝트**: KB국민은행은 대학생들을 대상으로 프로젝트를 진행하며, 금융업계의 실제 문제를 해결하는 과제를 부여합니다. 참가 학생들은 팀을 구성하여 프로젝트를 수행하고, 결과물은 금융업계의 전문가들 앞에서 발표합니다. 2. **신한금융그룹 대학생 창업경진대회**: 신한금융그룹은 대학생들을 대상으로 창업경진대회를 개최하며, 금융업계의 혁신적인 아이디어를 제시할 수 있는 기회를 제공합니다. 참가 학생들은 창업 아이디어를 제출하고, 전문가들의 평가를 "
2026-06-11,Gemini-1.5-Flash,금융업계에서 진행되는 대학생 산학협력 프로젝트 있어?,FALSE,0.0,
2026-06-11,Gemma-2-9B,금융업계에서 진행되는 대학생 산학협력 프로젝트 있어?,FALSE,0.0,"금융업계에서 진행되는 대학생 산학협력 프로젝트는 다양한 종류로 존재하며, 프로젝트의 내용은 금융기관, 대학, 연구소 등이 협력하여 공동으로 진행하는 산학협력 사업을 통해 개발되는 프로젝트입니다.  대표적인 예시로는 다음과 같습니다.  1. **금융기관 산학 협력 프로젝트**: 금융기관과 대학이 함께 협력하여 학생들이 금융 분야의 문제를 해결하기 위한 프로젝트를 진행합니다. 예를 들어, 금융기관과 협력하여 학생들이 자금 조달 방안을 연구하거나, 금융상품 개발을 위한 프로젝트를 진행하는 등 다양한 분야에서 협력을 통해 프로젝트를 진행할 수 있습니다. 2. **금융혁신 기술 개발 프로젝트**: 금융혁신을 통한 기술 개발을 위한 프로젝트입니다. 예를 들어, 블록체인, AI 등 금융혁신 기술을 개발하여 금융 분야의 "
2026-06-11,Llama-3.3-70B,"금융업계에 진출하고 싶은데, 어떤 스펙 쌓으면 좋을까? 대외활동이나 산학협력 캠페인 추천해줘",FALSE,0.0,"금융업계에 진출하고 싶다면, 다음과 같은 스펙을 쌓는 것이 좋습니다.  1. **재무회계 관련 과목**: 재무회계, 경영분석, 투자론, 파생상품 등 금융 관련 과목을 공부하는 것이 중요합니다. 2. **영어 능력**: 금융업계에서는 영어가 매우 중요합니다. 영어 능력을 향상시키기 위해 영어 공부를 열심히 하거나, 영어 자격증을 취득하는 것이 좋습니다. 3. **금융 관련 자격증**: CFA, CFP, FRM 등 금융 관련 자격증을 취득하면, 금융업계에서 경쟁력을 높일 수 있습니다. 4. **데이터 분석 능력**: 금융업계에서는 데이터 분석이 매우 중요합니다. 엑셀, 파이썬, R 등 데이터 분석 툴을 사용할 줄 아는 것이 좋습니다. 5. **대외활동**: 금융 관련 대외활동을 하는 것이 좋습니다. 예를 들어,"
2026-06-11,Gemini-1.5-Flash,"금융업계에 진출하고 싶은데, 어떤 스펙 쌓으면 좋을까? 대외활동이나 산학협력 캠페인 추천해줘",FALSE,0.0,
2026-06-11,Gemma-2-9B,"금융업계에 진출하고 싶은데, 어떤 스펙 쌓으면 좋을까? 대외활동이나 산학협력 캠페인 추천해줘",FALSE,0.0,"금융업계에 진출하고 싶다면, 아래의 스펙을 쌓는 것이 도움이 될 것입니다.  1. **금융 관련 학위**: 금융 관련 학과를 졸업하거나, 금융 관련 수업을 수강하는 것이 도움이 될 것입니다. 예를 들어, 금융학, 국제통상학, 경영학 등이 있습니다. 2. **자격증**: 금융 관련 자격증을 취득하는 것이 도움이 될 것입니다. 예를 들어, CFP(자산관리 전문가), CAIA(국제투자자격), FRM(리스크관리전문가) 등이 있습니다. 3. **경험**: 금융 관련 업무를 하는 경험을 쌓는 것이 도움이 될 것입니다. 예를 들어, 은행, 증권사, 투자회사, 금융투자회사 등에서 경험을 쌓아보세요. 4. **스킬**: 금융 관련 스킬을 쌓는 것이 도움이 될 것입니다. 예를 들어, 데이터 분석, 통계학, 프로그래밍, 언어 "
2026-06-11,Llama-3.3-70B,삼성생명이 최근에 하고 있는 혁신적인 캠페인 뭐있어?,TRUE,0.92,"삼성생명은 다양한 혁신적인 캠페인을 진행하고 있습니다. 최근에進行中인 캠페인 중 하나는 '삼성생명 with you' 캠페인입니다. 이 캠페인은 고객의 삶에 더 가까이 다가가기 위해 진행하는 것으로, 다양한 고객의 이야기를 통해 생명보험의 중요성을 강조하고 있습니다.  또한, 삼성생명은 디지털 기술을 활용한 캠페인도 진행하고 있습니다. 예를 들어, '삼성생명 디지털 라이프 플랫폼'을 통해 고객이 손쉽게 생명보험에 대한 정보를 얻고, 보험 가입 및 관리를 할 수 있도록 지원하고 있습니다.  또한, 삼성생명은 사회공헌 활동도 진행하고 있습니다. 예를 들어, '삼성생명 사회공헌 캠페인'을 통해 저소득층 고객을 위한 보험 프로그램을 제공하고, 지역사회에 기여하는 활동을 진행하고 있습니다.  삼성생명의 캠페인은 고객의"
2026-06-11,Gemini-1.5-Flash,삼성생명이 최근에 하고 있는 혁신적인 캠페인 뭐있어?,FALSE,0.0,
2026-06-11,Gemma-2-9B,삼성생명이 최근에 하고 있는 혁신적인 캠페인 뭐있어?,TRUE,0.82,"삼성생명의 최근 캠페인은 여러 가지가 있지만 몇 가지를 소개해 드릴게요.  1. **""생명이 가득 담긴 인생"" 캠페인** : 삼성생명은 최근 '생명이 가득 담긴 인생' 캠페인을开展했습니다. 이 캠페인은 일상생활에서 가치있는 순간을 찾아내는 것을 목표로 합니다. 이를 통해 고객들이 보다 행복하고 가치 있는 삶을 살 수 있도록 지원하고 있습니다.  2. **""나의 인생을 더 높이기"" 캠페인** : 삼성생명은 '나의 인생을 더 높이기' 캠페인을 개최했습니다. 이 캠페인은 고객들이 자신의 삶을 더 높이며 성장할 수 있도록 지원합니다. 이를 통해 고객들이 자신의 목표를 이루고 더 성공적인 삶을 살 수 있도록 도와줍니다.  3. **""가치 있는 순간을 찾아보기"" 캠페인** : 삼성생명은 '가치 있는 순간을 찾아보기' "
2026-06-11,Llama-3.3-70B,삼성생명이 보험을 넘어서기 위한 시도는 무엇을 하고 있어?,TRUE,0.92,"삼성생명은 보험을 넘어서는 사업 분야로 금융 서비스, 헬스케어, 디지털 트랜스포메이션 등에 집중하고 있습니다. 구체적으로는 다음과 같은 시도들을 하고 있습니다.  1. **금융 서비스 확대**: 삼성생명은 보험 서비스 외에도 은행, 증권, 펀드, 카드 등의 금융 서비스를 제공하고 있습니다. 이는 고객의 금융 니즈를 종합적으로 만족시키기 위한 노력입니다. 2. **헬스케어 사업**: 삼성생명은 헬스케어 사업을 확대하고 있습니다. 이는 보험 보장 범위를 넘어서 고객의 건강과 웰빙을 증진하는 데 초점을 맞추고 있습니다. 다양한 헬스케어 서비스를 제공하여 고객의 건강 관리를 지원하고 있습니다. 3. **디지털 트랜스포메이션**: 삼성생명은 디지털 기술을 활용하여 고객 경험을 개선하고 있습니다. 모바일 앱, 온라인 "
2026-06-11,Gemini-1.5-Flash,삼성생명이 보험을 넘어서기 위한 시도는 무엇을 하고 있어?,FALSE,0.0,
2026-06-11,Gemma-2-9B,삼성생명이 보험을 넘어서기 위한 시도는 무엇을 하고 있어?,TRUE,0.92,"삼성생명은 보험을 넘어서기 위한 다양한 시도를 하고 있습니다.  삼성생명은 2020년부터 '라이프케어'라는 새로운 사업을 시작했습니다. 라이프케어는 생명보험 이외의 서비스를 제공하는 사업으로, 고객의 건강과 삶의 질을 향상시키는 것을 목표로 하고 있습니다. 라이프케어는 다음과 같은 서비스를 제공하고 있습니다.  1. 건강관리 서비스 : 고객에게 개인화된 건강관리 서비스를 제공하여 고객의 건강을 향상시키고 있습니다. 2. 웰니스 프로그램 : 고객에게 다양한 웰니스 프로그램을 제공하여 고객의 삶의 질을 향상시키고 있습니다. 3. 생리검사 및 질환 관리 : 고객의 생리검사 및 질환 관리를 지원하여 고객의 건강을 향상시키고 있습니다. 4. 의료비 지원 : 고객의 의료비를 지원하여 고객의 경제적 부담을 줄이고 있습니"
2026-06-11,Llama-3.3-70B,삼성생명이 보험을 넘어서는 보험이라는 것을 어떻게 오프라인 캠페인으로 실행하고 있어?,FALSE,0.0,
2026-06-11,Gemini-1.5-Flash,삼성생명이 보험을 넘어서는 보험이라는 것을 어떻게 오프라인 캠페인으로 실행하고 있어?,FALSE,0.0,
2026-06-11,Gemma-2-9B,삼성생명이 보험을 넘어서는 보험이라는 것을 어떻게 오프라인 캠페인으로 실행하고 있어?,TRUE,0.5,"삼성생명은 최근 ""보험을 넘어서""라는 캠페인을 진행하고 있습니다. 이 캠페인은 보험을 넘어서는 다양한 서비스를 제공하는 것을 목표로 하고 있으며, 이는 고객의 삶을 풍요롭게 하고 다양한 문제를 해결하는 것을 목표로 하고 있습니다.  삼성생명이 오프라인 캠페인으로 실행한 사례를 살펴보면 다음과 같습니다.  1. **금융서비스** : 삼성생명은 금융서비스를 확대하여 고객이 보다 편리하게 금융서비스를 이용할 수 있도록 지원하고 있습니다. 예를 들어, 삼성생명은 카드 서비스를 제공하고 있으며, 이 카드는 현금서비스, 지급서비스, 보험제휴서비스 등 다양한 서비스를 제공하고 있습니다. 2. **건강관리** : 삼성생명은 고객의 건강을 관리하는 서비스를 제공하고 있습니다. 예를 들어, 삼성생명은 고객의 건강 상태를 모니"
2026-06-11,Llama-3.3-70B,삼성생명이 대학생들과 함께 하는 프로젝트 있을까?,FALSE,0.0,
2026-06-11,Gemini-1.5-Flash,삼성생명이 대학생들과 함께 하는 프로젝트 있을까?,FALSE,0.0,
2026-06-11,Gemma-2-9B,삼성생명이 대학생들과 함께 하는 프로젝트 있을까?,TRUE,0.5,삼성생명이 대학생들과 함께하는 프로젝트는 여러 가지가 있습니다. 그중 일부 예를 들어보겠습니다.  1. **삼성생명 대학생 창업 지원 프로그램**: 삼성생명은 대학생들에게 창업을 지원하는 프로그램을 운영하고 있습니다. 이 프로그램에서는 대학생들이 자신의 아이디어를 발전시키고 사업을 시작하는 것을 지원합니다. 2. **삼성생명 대학생 혁신 경진대회**: 삼성생명은 대학생들에게 혁신적인 아이디어를 제출하도록 요청하는 경진대회를 개최하고 있습니다. 이 경진대회에서는 대학생들이 자신의 아이디어를 발표하고 심사받으며 수상자에게 상금과 멘토링을 제공합니다. 3. **삼성생명 대학생 리더십 프로그램**: 삼성생명은 대학생들에게 리더십을 기르기 위한 프로그램을 운영하고 있습니다. 이 프로그램에서는 대학생들이 리더십을 개발
2026-06-11,Llama-3.3-70B,"개인의 가치관 분석 데이터와 핀테크, UX 연구를 융합해 인생의 새로운 기회를 탐색하는 빅테크 솔루션의 개발 사례가 궁금해.",FALSE,0.0,
2026-06-11,Gemini-1.5-Flash,"개인의 가치관 분석 데이터와 핀테크, UX 연구를 융합해 인생의 새로운 기회를 탐색하는 빅테크 솔루션의 개발 사례가 궁금해.",FALSE,0.0,
2026-06-11,Gemma-2-9B,"개인의 가치관 분석 데이터와 핀테크, UX 연구를 융합해 인생의 새로운 기회를 탐색하는 빅테크 솔루션의 개발 사례가 궁금해.",FALSE,0.0,"개인의 가치관 분석 데이터와 핀테크, UX 연구를 융합해 인생의 새로운 기회를 탐색하는 빅테크 솔루션의 개발 사례를 소개해 드리겠습니다.  **개발 사례:**  1. **개인 가치관 분석 데이터 융합:** 개인의 가치관, 관심사, 목표를 분석하여 데이터를 생성합니다. 이 데이터는 핀테크, UX 연구를 통해 융합되어 인생의 새로운 기회를 탐색하는 빅테크 솔루션을 개발하는 데 활용됩니다. 2. **핀테크 융합:** 개인의 금융 정보, 채무, 부채, 자산, 투자 등 금융 관련 데이터를 분석하여 인생의 새로운 기회를 탐색하는 데 활용됩니다. 예를 들어, 개인의 금융 상황을 기반으로 맞춤형 투자 추천 서비스를 제공하는 등. 3. **UX 연구 융합:** 사용자 경험을 연구하여 인생의 새로운 기회를 탐색하는 데 활용됩"
2026-06-11,Llama-3.3-70B,대학생들이 많이 하는 대기업 산학협력 프로젝트 추천해줘,FALSE,0.0,
2026-06-11,Gemini-1.5-Flash,대학생들이 많이 하는 대기업 산학협력 프로젝트 추천해줘,FALSE,0.0,
2026-06-11,Gemma-2-9B,대학생들이 많이 하는 대기업 산학협력 프로젝트 추천해줘,FALSE,0.0,대기업 산학협력 프로젝트는 대학생들에게 실무 경험과 전문 지식을 쌓는 좋은 기회입니다. 많은 대기업이 대학생들을 대상으로 다양한 프로젝트를 진행하고 있습니다. 아래는 대학생들이 많이 하는 대기업 산학협력 프로젝트 몇 가지를 추천해드립니다.  1. **삼성전자 - 스마트폰 소프트웨어 개발**: 삼성전자의 스마트폰 소프트웨어 개발 프로젝트에서는 대학생들이 스마트폰의 소프트웨어 개발과 테스트를 담당합니다. 2. **SK텔레콤 - AI 개발**: SK텔레콤의 AI 개발 프로젝트에서는 대학생들이 AI를 활용한 다양한 서비스 개발과 테스트를 담당합니다. 3. **LG전자 - IoT 개발**: LG전자의 IoT 개발 프로젝트에서는 대학생들이 IoT를 활용한 다양한 서비스 개발과 테스트를 담당합니다. 4. **카카오 - 
2026-06-11,Llama-3.3-70B,글로벌 디자인 어워드 수상한 대학생 프로젝트 사례 뭐 있어?,FALSE,0.0,
2026-06-11,Gemini-1.5-Flash,글로벌 디자인 어워드 수상한 대학생 프로젝트 사례 뭐 있어?,FALSE,0.0,
2026-06-11,Gemma-2-9B,글로벌 디자인 어워드 수상한 대학생 프로젝트 사례 뭐 있어?,FALSE,0.0,글로벌 디자인 어워드(GDUSA) 수상한 대학생 프로젝트 사례 중 몇 가지를 소개해 드리겠습니다.  1. **2020년 GDUSA 어워드**   * **가장 우수한 대학생 프로젝트** : '미세먼지 알람 시계' - 안성미 (연세대학교)  * 안성미의 프로젝트는 미세먼지 알람 시계를 디자인하여 대기 환경에 대한 민감성을 높이기 위한 목적으로 개발되었습니다. 시계는 미세먼지 수치에 따라 다양한 색상을 변환하여 사용자가 쉽게 알람을 확인할 수 있도록 설계되었습니다.  2. **2019년 GDUSA 어워드**   * **가장 우수한 대학생 프로젝트** : '인공호흡기' - 이재은 (성균관대학교)  * 이재은의 프로젝트는 인공호흡기를 디자인하여 환자와 의료진에게 편리하고 안전한 경험을 제공하는 것을 목표로 하였습니다
2026-06-11,Llama-3.3-70B,"주요 대학의 데이터사이언스, 컴퓨터비전, 인간-컴퓨터 상호작용(HCI) 연구실들이 대기업과 협업하는 가장 대표적인 오픈 이노베이션은?",FALSE,0.0,
2026-06-11,Gemini-1.5-Flash,"주요 대학의 데이터사이언스, 컴퓨터비전, 인간-컴퓨터 상호작용(HCI) 연구실들이 대기업과 협업하는 가장 대표적인 오픈 이노베이션은?",FALSE,0.0,
2026-06-11,Gemma-2-9B,"주요 대학의 데이터사이언스, 컴퓨터비전, 인간-컴퓨터 상호작용(HCI) 연구실들이 대기업과 협업하는 가장 대표적인 오픈 이노베이션은?",FALSE,0.0,"주요 대학의 데이터사이언스, 컴퓨터비전, 인간-컴퓨터 상호작용(HCI) 연구실들이 대기업과 협업하는 대표적인 오픈 이노베이션은 다음과 같습니다.  1. **인공 지능(AI) 연구**: 구글, 메타, 아마존 등 대기업과 협력하여 인공 지능(AI) 기술 개발을 위해 오픈 이노베이션을 진행하는 경우가 있습니다. 예를 들어, 구글은 인공 지능(AI) 연구를 위해 오픈소스 프로젝트인 TensorFlow를 개발하였습니다. 2. **데이터 공유**: 대기업과 대학의 연구실이 데이터를 공유하고 협력하여 분석을 진행하는 경우가 있습니다. 예를 들어, 구글은 데이터 공유를 위해 오픈소스 프로젝트인 Kaggle을 운영하고 있습니다. 3. **스마트폰 개발**: 삼성전자, 애플, 구글 등 스마트폰 제조사와 대학의 연구실이 협력하"
2026-06-11,Llama-3.3-70B,실리콘밸리 연수나 글로벌 IT 행사 참여 기회 주는 대외활동 추천해줘.,FALSE,0.0,
2026-06-11,Gemini-1.5-Flash,실리콘밸리 연수나 글로벌 IT 행사 참여 기회 주는 대외활동 추천해줘.,FALSE,0.0,
2026-06-11,Gemma-2-9B,실리콘밸리 연수나 글로벌 IT 행사 참여 기회 주는 대외활동 추천해줘.,FALSE,0.0,"실리콘밸리 연수나 글로벌 IT 행사 참여 기회를 주는 대외활동을 다음과 같이 추천해 드립니다.  1. **KAIST 글로벌 IT 인턴십 프로그램**: KAIST는 매년 글로벌 IT 인턴십 프로그램을 개최하여, 유학생이나 한국인 인턴을 실리콘밸리에서 일할 기회를 제공합니다. 이 프로그램은 KAIST와 협력한 글로벌 기업에서 참여합니다. 2. **SK그룹 청년리더십 프로그램**: SK그룹은 매년 청년리더십 프로그램을 개최하여, 젊은 인재들을 글로벌 기업에서 일할 기회를 제공합니다. 이 프로그램은 SK그룹의 글로벌 부문에서 참여합니다. 3. **LG U+ 글로벌 인턴십 프로그램**: LG U+는 매년 글로벌 인턴십 프로그램을 개최하여, 유학생이나 한국인 인턴을 글로벌 기업에서 일할 기회를 제공합니다. 이 프로그램"
2026-06-11,Llama-3.3-70B,보험 회사가 AI나 빅데이터 기술을 도입해서 성공한 사례가 있어?,FALSE,0.0,
2026-06-11,Gemini-1.5-Flash,보험 회사가 AI나 빅데이터 기술을 도입해서 성공한 사례가 있어?,FALSE,0.0,
2026-06-11,Gemma-2-9B,보험 회사가 AI나 빅데이터 기술을 도입해서 성공한 사례가 있어?,FALSE,0.0,"네, 보험 회사가 AI나 빅데이터 기술을 도입해서 성공한 사례가 있습니다.  1. **암보험의 예방 및 관리**: 영국의 보험 회사인 Aviva는 암보험에서 빅데이터를 분석하여 고위험군을 식별하고, 예방 및 관리를 제공합니다. 빅데이터 분석을 통해 Aviva는 고위험군을 70%까지 줄일 수 있었고, 보험료도 10%에서 15%까지 낮출 수 있었습니다.  2. **버스 보험**: 한국의 보험 회사인 KB손해보험은 버스 보험에서 AI를 활용하여 사고 예측을 개선하고, 운전자와 승객의 안전을 향상했습니다. KB손해보험은 버스 운전자의 안전 주행 기록을 분석하여, 예측 사고를 30%까지 줄일 수 있었고, 사고 발생률을 20%까지 낮출 수 있었습니다.  3. **자동차 보험**: 미국의 보험 회사인 Allstate는 "
2026-06-11,Llama-3.3-70B,최근에 '보험을 넘어서는 개발자'라는 캠페인을 진행한 기업이 어디야?,FALSE,0.0,
2026-06-11,Gemini-1.5-Flash,최근에 '보험을 넘어서는 개발자'라는 캠페인을 진행한 기업이 어디야?,FALSE,0.0,
2026-06-11,Gemma-2-9B,최근에 '보험을 넘어서는 개발자'라는 캠페인을 진행한 기업이 어디야?,FALSE,0.0,"'보험을 넘어서는 개발자'라는 캠페인을 진행한 기업이 알파드라이브입니다. 알파드라이브는 자동차 보험의 혁신을 위해 캠페인을 진행했으며, 개발자와 디자이너를 위한 인재를 찾기 위해 노력했습니다."
2026-06-11,Llama-3.3-70B,요즘 대기업 산학협력 중에 개발자한테 가장 평 좋은 게 뭐야?,FALSE,0.0,
2026-06-11,Gemini-1.5-Flash,요즘 대기업 산학협력 중에 개발자한테 가장 평 좋은 게 뭐야?,FALSE,0.0,
2026-06-11,Gemma-2-9B,요즘 대기업 산학협력 중에 개발자한테 가장 평 좋은 게 뭐야?,FALSE,0.0,"요즘 대기업 산학협력 중 개발자들에게 가장 평이 좋은 것은 다양한 것으로 추측된다. 하지만 몇 가지 대표적인 예를 들어보자면 다음과 같다.  1. **네이버**: 네이버는 개발자들에게 매우 인기 있는 회사 중 하나로, 다양한 서비스를 개발 및 운영하는 회사이다. 개발자들은 네이버의 기술을 개발하고, 서비스를 발전시키는 중요한 역할을 한다. 네이버에서는 개발자에게 많은 혜택을 제공하고, 직원들과의 친목을 적극적으로 지원한다. 2. **카카오**: 카카오는 모바일 서비스를 중심으로 다양한 기술을 개발하고 있는 회사이다. 개발자들은 카카오의 기술을 개발하고, 서비스를 발전시키는 중요한 역할을 한다. 카카오에서는 개발자에게 많은 혜택을 제공하고, 직원들과의 친목을 적극적으로 지원한다. 3. **인공지능(AI) 기술"
2026-06-11,Llama-3.3-70B,삼성생명에서 대학생들이랑 같이 하는 테크 프로젝트 이름이 뭐지?,FALSE,0.0,
2026-06-11,Gemini-1.5-Flash,삼성생명에서 대학생들이랑 같이 하는 테크 프로젝트 이름이 뭐지?,FALSE,0.0,
2026-06-11,Gemma-2-9B,삼성생명에서 대학생들이랑 같이 하는 테크 프로젝트 이름이 뭐지?,TRUE,0.82,"삼성생명에서 대학생들이랑 같이 하는 테크 프로젝트 이름이 ""삼성생명 인턴십 + 스타트업(Academy)""이거나 ""삼성생명 테크 인턴십""도 있고, ""삼성생명 인턴십 + 스타트업"" 이외에도 ""삼성생명 스타트업 인턴십""이 있습니다."
2026-06-11,Llama-3.3-70B,서울대랑 카이스트 컴퓨터공학과가 대기업이랑 같이 하는 연구가 궁금해.,FALSE,0.0,
2026-06-11,Gemini-1.5-Flash,서울대랑 카이스트 컴퓨터공학과가 대기업이랑 같이 하는 연구가 궁금해.,FALSE,0.0,
2026-06-11,Gemma-2-9B,서울대랑 카이스트 컴퓨터공학과가 대기업이랑 같이 하는 연구가 궁금해.,FALSE,0.0,"서울대 컴퓨터공학과와 카이스트 컴퓨터공학과는 두 대학의 컴퓨터공학부로, 모두 한국에서 유명한 대학의 컴퓨터공학부입니다.  대기업과 함께하는 연구는 두 대학의 컴퓨터공학과가 여러 분야에서 함께 협력하고 연구를 진행하고 있습니다. 여기에는 네트워크 보안, 인공지능, 데이터 분석, 클라우드 컴퓨팅 등 다양한 분야가 포함됩니다.  아래는 몇 가지 예시입니다.  1. **네트워크 보안**: SK텔레콤, KT, LG U+ 등 네트워크 서비스 제공기업과 함께 네트워크 보안 연구를 진행하고 있습니다. 이 연구는 네트워크 보안 기술의 개발과 네트워크 자산의 관리를 포함합니다. 2. **인공지능**: 삼성전자, 현대자동차, LG전자 등 대기업과 함께 인공지능 연구를 진행하고 있습니다. 이 연구는 인공지능 기술의 개발과 적용을"
2026-06-11,Llama-3.3-70B,단순 마케팅 말고 대학생이 직접 소프트웨어 빌드업하는 산학협력 프로젝트는?,FALSE,0.0,
2026-06-11,Gemini-1.5-Flash,단순 마케팅 말고 대학생이 직접 소프트웨어 빌드업하는 산학협력 프로젝트는?,FALSE,0.0,
2026-06-11,Gemma-2-9B,단순 마케팅 말고 대학생이 직접 소프트웨어 빌드업하는 산학협력 프로젝트는?,FALSE,0.0,"대학생이 직접 소프트웨어 빌드업하는 산학협력 프로젝트를 다음과 같이 분류할 수 있습니다.  1. **스카이락스** (Skylab): SK Telecom, KT, LG U+ 등 통신사와 함께 개발한 오픈 소스 기반의 모바일 OS입니다. 2. **티모시** (TIMO): LG U+와 함께 개발한 모바일 OS입니다. 3. **인터넷 방송 플랫폼**, **인터넷 방송 플랫폼** (Internet Broadcasting Platform): SK Broadband, KT, LG U+ 등 통신사와 함께 개발한 인터넷 방송 플랫폼입니다. 4. **모바일 소셜 네트워크 플랫폼**, **모바일 소셜 네트워크 플랫폼** (Mobile Social Network Platform): SK Telecom, KT, LG U+ 등 통신"
